Date,Open,High,Low,Close,Volume,Adj Close,20 Day SMA,50 Day SMA,Trade,
6/29/2010,19,25,17.54,23.89,18766300,23.89,,
6/30/2010,25.79,30.42,23.3,23.83,17187100,23.83,,
7/1/2010,25,25.92,20.27,21.96,8218800,21.96,,
7/2/2010,23,23.1,18.71,19.2,5139800,19.2,,
7/6/2010,20,20,15.83,16.11,6866900,16.11,,
7/7/2010,16.4,16.63,14.98,15.8,6921700,15.8,,
7/8/2010,16.14,17.52,15.57,17.46,7711400,17.46,,
7/9/2010,17.58,17.9,16.55,17.4,4050600,17.4,,
7/12/2010,17.95,18.07,17,17.05,2202500,17.05,,
7/13/2010,17.39,18.64,16.9,18.14,2680100,18.14,,
7/14/2010,17.94,20.15,17.76,19.84,4195200,19.84,,
7/15/2010,19.94,21.5,19,19.89,3739800,19.89,,
7/16/2010,20.7,21.3,20.05,20.64,2621300,20.64,,
7/19/2010,21.37,22.25,20.92,21.91,2486500,21.91,,
7/20/2010,21.85,21.85,20.05,20.3,1825300,20.3,,
7/21/2010,20.66,20.9,19.5,20.22,1252500,20.22,,
7/22/2010,20.5,21.25,20.37,21,957800,21,,
7/23/2010,21.19,21.56,21.06,21.29,653600,21.29,,
7/26/2010,21.5,21.5,20.3,20.95,922200,20.95,,
7/27/2010,20.91,21.18,20.26,20.55,619700,20.55,19.8715,,
7/28/2010,20.55,20.9,20.51,20.72,467200,20.72,19.713,,
7/29/2010,20.77,20.88,20,20.35,616000,20.35,19.539,,
7/30/2010,20.2,20.44,19.55,19.94,426900,19.94,19.438,,
8/2/2010,20.5,20.97,20.33,20.92,718100,20.92,19.524,,
8/3/2010,21,21.95,20.82,21.95,1230500,21.95,19.816,,
8/4/2010,21.95,22.18,20.85,21.26,913000,21.26,20.089,,
8/5/2010,21.54,21.55,20.05,20.45,796200,20.45,20.2385,,
8/6/2010,20.1,20.16,19.52,19.59,741900,19.59,20.348,,
8/9/2010,19.9,19.98,19.45,19.6,812700,19.6,20.4755,,
8/10/2010,19.65,19.65,18.82,19.03,1281300,19.03,20.52,,
8/11/2010,18.69,18.88,17.85,17.9,797600,17.9,20.423,,
8/12/2010,17.8,17.9,17.39,17.6,691000,17.6,20.3085,,
8/13/2010,18.18,18.45,17.66,18.32,634000,18.32,20.1925,,
8/16/2010,18.45,18.8,18.26,18.78,485800,18.78,20.036,,
8/17/2010,18.96,19.4,18.78,19.15,447900,19.15,19.9785,,
8/18/2010,19.59,19.59,18.6,18.77,601300,18.77,19.906,,
8/19/2010,18.54,19.25,18.33,18.79,579100,18.79,19.7955,,
8/20/2010,18.65,19.11,18.51,19.1,296000,19.1,19.686,,
8/23/2010,19.09,20.39,19,20.13,1088100,20.13,19.645,,
8/24/2010,19.25,19.71,18.95,19.2,673100,19.2,19.5775,,
8/25/2010,19.16,19.98,18.56,19.9,503300,19.9,19.5365,,
8/26/2010,19.89,20.27,19.6,19.75,433800,19.75,19.5065,,
8/27/2010,19.75,19.87,19.5,19.7,379600,19.7,19.4945,,
8/30/2010,19.7,20.19,19.61,19.87,732800,19.87,19.442,,
8/31/2010,19.66,19.79,19.33,19.48,201100,19.48,19.3185,,
9/1/2010,19.62,20.69,19.6,20.45,494900,20.45,19.278,,
9/2/2010,20.37,21.24,20.31,21.06,487100,21.06,19.3085,,
9/3/2010,20.87,21.3,20.66,21.05,434600,21.05,19.3815,,
9/7/2010,20.61,21,20.5,20.54,243400,20.54,19.4285,,
9/8/2010,20.66,20.95,20.6,20.9,288400,20.9,19.522,19.8336,,
9/9/2010,21,21.05,20.69,20.71,376200,20.71,19.6625,19.77,,
9/10/2010,20.75,20.93,19.76,20.17,386600,20.17,19.791,19.6968,,
9/13/2010,20.89,20.9,20.5,20.72,360800,20.72,19.911,19.672,,
9/14/2010,20.54,21.6,20.53,21.12,654700,21.12,20.028,19.7104,,
9/15/2010,20.98,22,20.79,21.98,684600,21.98,20.1695,19.8278,,
9/16/2010,22.15,23.16,20.84,20.94,2684500,20.94,20.278,19.9306,,
9/17/2010,21.02,21.32,19.8,20.23,1198500,20.23,20.35,19.986,,
9/20/2010,20.67,21.35,20.16,21.06,947500,21.06,20.448,20.0592,,
9/21/2010,20.89,21.55,20.67,20.77,796000,20.77,20.48,20.1336,,
9/22/2010,20.87,20.95,19.8,19.87,962900,19.87,20.5135,20.1682,,
9/23/2010,19.89,20.14,19.5,19.56,668100,19.56,20.4965,20.1626,,
9/24/2010,19.95,20.19,19.65,20.1,578900,20.1,20.514,20.1668,,
9/27/2010,20.4,20.81,20.05,20.53,418600,20.53,20.5555,20.1646,,
9/28/2010,21.04,21.49,20.76,21.4,1214500,21.4,20.632,20.1544,,
9/29/2010,21.19,22.03,21.13,21.98,1969300,21.98,20.757,20.188,,
9/30/2010,22,22.15,20.19,20.41,2195800,20.41,20.755,20.1918,,
10/1/2010,20.69,20.75,20.31,20.6,597700,20.6,20.732,20.1838,,
10/4/2010,20.43,21.17,20.3,20.99,643600,20.99,20.729,20.1778,,
10/5/2010,21.15,21.28,21.01,21.12,332000,21.12,20.758,20.1812,,
10/6/2010,21.06,21.26,20.32,20.46,313400,20.46,20.736,20.1794,,
10/7/2010,20.57,20.64,20.34,20.43,141000,20.43,20.722,20.1736,,
10/8/2010,20.43,20.79,20.39,20.43,267800,20.43,20.735,20.1752,,
10/11/2010,20.44,20.7,20.07,20.24,171200,20.24,20.711,20.1812,,
10/12/2010,20.2,20.28,20.03,20.24,244000,20.24,20.667,20.1676,,
10/13/2010,20.64,20.85,20.36,20.54,318200,20.54,20.595,20.1394,TRADE,
10/14/2010,21,21.03,20.4,20.75,294800,20.75,20.5855,20.1292,,
10/15/2010,20.89,20.9,20.25,20.54,284700,20.54,20.601,20.131,,
10/18/2010,20.52,20.64,20.22,20.23,162800,20.23,20.5595,20.1438,,
10/19/2010,20.2,20.41,20,20.05,245200,20.05,20.5235,20.1528,,
10/20/2010,20.16,20.69,20.04,20.65,312500,20.65,20.5625,20.1852,,
10/21/2010,20.61,20.95,20.45,20.75,417100,20.75,20.622,20.2422,,
10/22/2010,20.68,20.93,20.55,20.72,161100,20.72,20.653,20.3046,,
10/25/2010,20.94,20.98,20.73,20.85,118500,20.85,20.669,20.3552,,
10/26/2010,20.8,21.87,20.51,21.36,660900,21.36,20.667,20.4068,,
10/27/2010,21.25,21.38,20.65,21,356500,21,20.618,20.4438,,
10/28/2010,21.39,21.5,20.96,21.19,224200,21.19,20.657,20.4922,,
10/29/2010,21.14,21.85,21.05,21.84,280600,21.84,20.719,20.5532,,
11/1/2010,21.94,22.75,21.31,21.41,455800,21.41,20.74,20.5994,,
11/2/2010,21.68,21.88,21.05,21.25,322500,21.25,20.7465,20.6218,,
11/3/2010,21.28,22.5,21.16,21.77,372600,21.77,20.812,20.6732,,
11/4/2010,22.6,25.33,22.15,24.9,1874000,24.9,21.0355,20.7732,,
11/5/2010,24.87,24.97,23.72,24.44,1011000,24.44,21.236,20.867,,
11/8/2010,24.5,25,24.03,24.98,509500,24.98,21.473,20.9726,,
11/9/2010,25,25.69,24.05,24.63,956400,24.63,21.6925,21.0678,,
11/10/2010,24.48,29.97,24.05,29.36,3060500,29.36,22.1335,21.2654,,
11/11/2010,28.6,29.1,27.33,28.04,1945300,28.04,22.498,21.4172,,
11/12/2010,28.25,30.5,28.07,29.84,2729100,29.84,22.963,21.5928,,
11/15/2010,30.22,32.94,30.22,30.8,2622900,30.8,23.4915,21.7878,,
11/16/2010,31,31.4,28.42,29.67,1347600,29.67,23.9725,21.9704,,
11/17/2010,30.2,30.75,28.61,29.49,750000,29.49,24.4145,22.1422,,
11/18/2010,30.67,30.74,28.92,29.89,956100,29.89,24.8715,22.3258,,
11/19/2010,30.16,31.37,29.7,30.99,1150500,30.99,25.385,22.5422,,
11/22/2010,31.57,33.45,31.5,33.4,1529700,33.4,26.0125,22.7958,,
11/23/2010,33.29,35.68,32.19,34.57,1577800,34.57,26.673,23.0648,,
11/24/2010,35.27,35.97,34.33,35.47,1425000,35.47,27.3965,23.3346,,
11/26/2010,35.6,36,34.75,35.32,350600,35.32,28.103,23.6222,,
11/29/2010,35.41,35.95,33.33,34.33,1145600,34.33,28.7275,23.9042,,
11/30/2010,33.74,35.33,33.41,35.33,2222600,35.33,29.4235,24.1896,,
12/1/2010,35.87,36.42,33.45,34.35,1299200,34.35,30.0785,24.4612,,
12/2/2010,34.01,34.3,31.2,32.35,2007000,32.35,30.6075,24.7108,,
12/3/2010,32.01,32.25,30.87,31.49,1160100,31.49,30.937,24.9494,,
12/6/2010,31.35,31.45,29.56,30.31,1274400,30.31,31.2305,25.1536,,
12/7/2010,30.49,32.4,30.05,31.56,1311300,31.56,31.5595,25.3742,,
12/8/2010,32.48,32.49,31.52,32.37,660000,32.37,31.9465,25.5936,,
12/9/2010,32.51,32.72,31.65,32.05,406000,32.05,32.081,25.795,,
12/10/2010,32.05,32.92,31.13,31.52,429400,31.52,32.255,26.0172,,
12/13/2010,31.64,31.77,30.4,30.55,410400,30.55,32.2905,26.2162,,
12/14/2010,30.29,30.39,27.76,28.53,1765700,28.53,32.177,26.367,,
12/15/2010,28.67,29.97,28.53,29.6,742900,29.6,32.1735,26.5366,,
12/16/2010,30,30.91,29.65,30.81,790100,30.81,32.2395,26.7436,,
12/17/2010,31.34,31.54,30.71,31.36,813000,31.36,32.313,26.9622,,
12/20/2010,31.64,32.19,31.26,31.7,523400,31.7,32.3485,27.1876,,
12/21/2010,31.8,32.69,31.71,32.26,777700,32.26,32.2915,27.428,,
12/22/2010,32.25,32.86,31.7,32.63,833300,32.63,32.1945,27.6758,,
12/23/2010,31.26,32.48,29.92,30.09,1552600,30.09,31.9255,27.8668,,
12/27/2010,28.02,28.58,25.06,25.55,9301900,25.55,31.437,27.9628,,
12/28/2010,25.85,26.75,25,26.41,4056300,26.41,31.041,28.0802,,
12/29/2010,27.03,28.01,26.5,27.73,3319200,27.73,30.661,28.2302,,
12/30/2010,27.7,27.9,26.38,26.5,2041100,26.5,30.2685,28.3592,,
12/31/2010,26.57,27.25,26.5,26.63,1417900,26.63,29.9825,28.4788,,
1/3/2011,26.84,27,25.9,26.62,1283000,26.62,29.739,28.5962,,
1/4/2011,26.66,26.95,26.02,26.67,1187400,26.67,29.557,28.7152,,
1/5/2011,26.48,26.9,26.19,26.83,1446700,26.83,29.3205,28.8348,,
1/6/2011,26.83,28,26.81,27.88,2061200,27.88,29.096,28.9652,,
1/7/2011,28,28.58,27.9,28.24,2247900,28.24,28.9055,29.11,,
1/10/2011,28.17,28.68,28.05,28.45,1342700,28.45,28.752,29.2552,,
1/11/2011,28.59,28.71,26.92,26.96,1710200,26.96,28.5725,29.3576,,
1/12/2011,27.01,27.4,26.52,26.96,964400,26.96,28.494,29.4686,,
1/13/2011,26.96,26.97,26.16,26.22,723600,26.22,28.325,29.568,,
1/14/2011,26.15,26.58,25.61,25.75,1192000,25.75,28.072,29.6476,,
1/18/2011,25.48,25.64,24.75,25.64,1621700,25.64,27.786,29.6624,,
1/19/2011,25.27,25.47,23.75,24.03,2371500,24.03,27.4025,29.6542,,
1/20/2011,24.03,24.45,22.37,22.62,2279900,22.62,26.9205,29.607,,
1/21/2011,23.12,23.59,22.71,23.04,1217000,23.04,26.441,29.5752,,
1/24/2011,23.53,24.81,23.23,24.49,1645100,24.49,26.161,29.4778,,
1/25/2011,24.65,24.89,24.02,24.68,1271500,24.68,26.1175,29.4106,,
1/26/2011,24.71,24.88,24.1,24.75,1079900,24.75,26.0345,29.3088,,
1/27/2011,24.74,25.08,24.53,24.92,895700,24.92,25.894,29.1912,,
1/28/2011,24.88,24.88,23.75,24.01,1048400,24.01,25.7695,29.078,,
1/31/2011,24.05,24.12,23.5,24.1,830300,24.1,25.643,28.9702,,
2/1/2011,24.31,24.73,23.54,23.91,707800,23.91,25.5075,28.8506,,
2/2/2011,24.16,24.18,23.67,23.94,569500,23.94,25.371,28.7096,,
2/3/2011,23.82,23.9,23.15,23.63,512000,23.63,25.211,28.5142,,
2/4/2011,23.44,23.67,23.22,23.46,544000,23.46,24.99,28.292,,
2/7/2011,23.26,23.26,22.88,23.07,895100,23.07,24.7315,28.044,,
2/8/2011,23.78,25.25,23,24.49,3504900,24.49,24.5335,27.8274,,
2/9/2011,24.13,24.18,22.79,23.21,2635600,23.21,24.346,27.605,,
2/10/2011,23.26,23.64,22.81,23.22,836100,23.22,24.159,27.3628,,
2/11/2011,23.25,23.75,22.94,23.25,634500,23.25,24.0105,27.1408,,
2/14/2011,23.64,24.14,23.05,23.08,1283100,23.08,23.877,26.9554,,
2/15/2011,23.01,23.17,22.56,22.84,953700,22.84,23.737,26.7824,,
2/16/2011,23.1,24.97,23.07,24.73,4115100,24.73,23.772,26.6708,,
2/17/2011,24.63,25.49,23.55,23.6,2618400,23.6,23.821,26.5116,,
2/18/2011,23.33,23.49,22.96,23.18,2370700,23.18,23.828,26.3278,,
2/22/2011,22.88,23,21.78,21.87,2064600,21.87,23.697,26.1242,,
2/23/2011,22.18,22.5,21.11,21.83,1605600,21.83,23.5545,25.9304,,
2/24/2011,21.78,22.58,21.5,22.53,1055300,22.53,23.4435,25.77,,
2/25/2011,22.81,23.85,22.69,23.61,1346300,23.61,23.378,25.6716,,
2/28/2011,23.74,24.1,23.5,23.89,1051200,23.89,23.372,25.5574,,
3/1/2011,24.05,24.32,23.7,23.94,1106400,23.94,23.364,25.42,,
3/2/2011,23.82,24.28,23.73,24.02,663300,24.02,23.3695,25.2732,,
3/3/2011,24.48,24.79,24.06,24.36,640200,24.36,23.3905,25.1264,,
3/4/2011,24.48,24.99,23.78,24.95,1580100,24.95,23.4565,24.9802,,
3/7/2011,24.93,25.4,24.7,24.94,2033600,24.94,23.5305,24.8264,,
3/8/2011,24.6,24.96,24,24.66,1399900,24.66,23.61,24.7178,,
3/9/2011,24.66,24.99,24.27,24.72,924800,24.72,23.6215,24.7012,,
3/10/2011,24.44,24.49,23.73,24.01,1017000,24.01,23.6615,24.6532,,
3/11/2011,23.85,24.25,23.53,24.07,930800,24.07,23.704,24.58,,
3/14/2011,23.82,24,23.2,23.25,1166000,23.25,23.704,24.515,,
3/15/2011,22.2,22.96,21.8,22.95,1318800,22.95,23.6975,24.4414,,
3/16/2011,22.86,23.25,22.69,22.82,1169700,22.82,23.6965,24.3654,,
3/17/2011,23.24,23.43,22.64,22.81,922600,22.81,23.6005,24.2882,,
3/18/2011,23.19,23.19,22.51,22.96,687900,22.96,23.5685,24.2108,,
3/21/2011,23.05,23.05,22.54,22.73,411700,22.73,23.546,24.1078,,
3/22/2011,22.73,22.86,22,22.19,582900,22.19,23.562,23.9868,,
3/23/2011,22.11,22.27,21.77,22.21,422800,22.21,23.581,23.862,,
3/24/2011,22.14,22.38,21.98,22.33,462200,22.33,23.571,23.7694,,
3/25/2011,22.43,23,22.4,22.75,568000,22.75,23.528,23.6852,,
3/28/2011,22.7,23.54,22.55,23.25,1058100,23.25,23.496,23.6258,,
3/29/2011,23.3,24,23.21,23.92,755400,23.92,23.495,23.5892,,
3/30/2011,24.11,24.49,23.01,23.71,1223300,23.71,23.4795,23.5506,,
3/31/2011,26.55,28.71,26.5,27.75,11517800,27.75,23.649,23.625,,
4/1/2011,27.45,28.18,26.57,26.66,2864800,26.66,23.7345,23.7058,,
4/4/2011,26.83,27,25.23,25.83,2609300,25.83,23.779,23.7616,,
4/5/2011,25.9,27,25.69,26.7,3180900,26.7,23.881,23.8058,,
4/6/2011,26.99,27.01,25.8,26.49,1288300,26.49,23.9695,23.842,,
4/7/2011,26.85,27.94,26.45,27.24,2810300,27.24,24.131,23.8918,,
4/8/2011,27.58,27.6,26.36,26.49,1946400,26.49,24.252,23.9232,,
4/11/2011,26.47,26.53,25.02,25.27,1369400,25.27,24.353,23.9484,,
4/12/2011,25.08,25.21,24.3,24.65,1357400,24.65,24.438,23.9594,,
4/13/2011,25.13,25.69,24.81,24.93,1211500,24.93,24.5435,23.9798,,
4/14/2011,24.87,25.28,24.2,25.14,983400,25.14,24.66,24.0038,,
4/15/2011,25.65,26.18,25.41,25.58,943500,25.58,24.791,24.0428,TRADE,
4/18/2011,25.13,25.62,24.36,25.03,1033900,25.03,24.906,24.0742,,
4/19/2011,25.26,25.26,24.65,25.16,548700,25.16,25.0545,24.116,,
4/20/2011,25.7,26.09,25.3,25.75,837200,25.75,25.2315,24.1412,,
4/21/2011,25.85,26.98,25.59,26.74,1386100,26.74,25.452,24.2118,,
4/25/2011,26.7,26.73,25.97,26.39,800900,26.39,25.634,24.2752,,
4/26/2011,26.66,27.25,26.31,26.93,1400000,26.93,25.818,24.3488,,
4/27/2011,26.93,27.36,26.63,27.08,996900,27.08,25.976,24.4288,,
4/28/2011,27.07,27.69,26.72,27.66,1600000,27.66,26.1735,24.5252,,
4/29/2011,27.69,27.87,27.42,27.6,726000,27.6,26.166,24.5826,,
5/2/2011,27.6,27.8,27.06,27.45,784600,27.45,26.2055,24.6596,,
5/3/2011,27.38,27.39,26.5,26.87,913900,26.87,26.2575,24.7334,,
5/4/2011,26.78,27,25.75,26.69,1044500,26.69,26.257,24.8298,,
5/5/2011,27.2,27.44,26.17,26.44,1218500,26.44,26.2545,24.922,,
5/6/2011,26.9,27.7,26.62,27.12,981700,27.12,26.2485,25.0138,,
5/9/2011,27,28,26.85,27.91,916400,27.91,26.3195,25.0998,,
5/10/2011,28.24,28.95,27.91,28.33,1535300,28.33,26.4725,25.1886,,
5/11/2011,28.2,28.3,26.92,27.07,962500,27.07,26.5935,25.2512,,
5/12/2011,27.07,27.74,26.65,27.67,628000,27.67,26.7305,25.3242,,
5/13/2011,28,28.19,27.3,27.55,661500,27.55,26.851,25.388,,
5/16/2011,27.99,27.99,26.55,26.6,755700,26.6,26.902,25.421,,
5/17/2011,27,27,25.72,25.96,1234200,25.96,26.9485,25.4414,,
5/18/2011,26.1,26.47,25.52,26.35,729500,26.35,27.008,25.4752,,
5/19/2011,27.03,28.44,26.6,28.2,2655100,28.2,27.1305,25.5448,TRADE,
5/20/2011,28.26,28.28,27.35,27.97,842500,27.97,27.192,25.624,,
5/23/2011,27.62,27.62,26.62,26.82,863600,26.82,27.2135,25.679,,
5/24/2011,27.02,27.5,26.6,26.72,613700,26.72,27.203,25.7484,,
5/25/2011,26.9,29.01,26.17,28.98,4693100,28.98,27.298,25.869,,
5/26/2011,28.82,29.76,28.1,29.48,3336900,29.48,27.389,26.0022,,
5/27/2011,29.54,29.67,28.82,29.55,1687100,29.55,27.4865,26.137,,
5/31/2011,29.69,30.28,29.55,30.14,3290500,30.14,27.621,26.2806,,
6/1/2011,30,30.1,28.38,28.52,1529900,28.52,27.7035,26.3964,,
6/2/2011,28.52,29.32,28.51,28.76,986300,28.76,27.807,26.5278,,
6/3/2011,29.95,31.5,29.5,30.13,6209200,30.13,27.9915,26.6862,,
6/6/2011,30.1,30.13,28.26,28.7,2331100,28.7,28.0705,26.8136,,
6/7/2011,28.94,29.39,28.26,28.37,1222100,28.37,28.0935,26.926,,
6/8/2011,28.44,28.6,27.02,27.12,1695900,27.12,28.033,27.0034,,
6/9/2011,27.43,28.1,27.1,27.62,1603200,27.62,28.0605,27.0774,,
6/10/2011,27.52,28.3,27.35,27.86,1566600,27.86,28.07,27.1604,,
6/13/2011,28.07,28.88,27.88,28.43,1713400,28.43,28.114,27.174,,
6/14/2011,28.54,29.7,28.52,28.6,1573400,28.6,28.214,27.2128,,
6/15/2011,28.44,28.45,27.07,27.32,1345000,27.32,28.282,27.2426,,
6/16/2011,27.67,28,25.74,26.5,1842200,26.5,28.2895,27.2386,,
6/17/2011,26.87,27.7,26.14,26.5,1714000,26.5,28.2045,27.2388,,
6/20/2011,26.29,26.46,25.5,26.01,1537800,26.01,28.1065,27.2142,,
6/21/2011,26.24,27.73,26,27.53,1496000,27.53,28.142,27.235,,
6/22/2011,27.37,28.25,27.1,27.21,1475600,27.21,28.1665,27.2738,,
6/23/2011,27.2,27.72,26.21,27.71,1170000,27.71,28.103,27.335,,
6/24/2011,27.64,27.97,27.26,27.57,3608500,27.57,28.0075,27.3878,,
6/27/2011,27.73,28.28,27.31,27.46,1809400,27.46,27.903,27.4342,,
6/28/2011,27.79,28.25,27.67,28.11,889200,28.11,27.8015,27.4848,,
6/29/2011,28.5,29.09,28.07,28.29,1461800,28.29,27.79,27.55,,
6/30/2011,28.5,29.33,28.4,29.13,946700,29.13,27.8085,27.6294,,
7/1/2011,29.07,29.6,28.8,29.02,854900,29.02,27.753,27.6948,,
7/5/2011,29.02,29.52,28.71,29.14,996000,29.14,27.775,27.7428,,
7/6/2011,29.14,29.14,28.55,28.96,926900,28.96,27.8045,27.7942,,
7/7/2011,29.14,30,29.01,29.73,1327900,29.73,27.935,27.8502,,
7/8/2011,29.89,29.89,28.59,28.81,1240600,28.81,27.9945,27.8848,,
7/11/2011,28.4,28.53,28,28.35,975800,28.35,28.019,27.8986,,
7/12/2011,28.37,29.09,28,28.17,1045400,28.17,28.006,27.91,,
7/13/2011,28.43,29.03,27.9,28.64,1066000,28.64,28.008,27.9338,,
7/14/2011,28.53,28.96,27.25,27.61,1159000,27.61,28.0225,27.9486,,
7/15/2011,27.79,27.83,27.4,27.58,709000,27.58,28.0765,27.9664,,
7/18/2011,27.34,27.45,26.63,27.23,851900,27.23,28.113,27.9822,,
7/19/2011,27.58,28.11,27.54,27.89,1026100,27.89,28.207,27.9976,TRADE,
7/20/2011,28,30.44,27.8,28.69,3048300,28.69,28.265,28.0132,,
7/21/2011,28.91,29.16,28.1,28.7,1011500,28.7,28.3395,28.0206,,
7/22/2011,28.7,29.54,28.55,29.29,583500,29.29,28.4185,28.065,,
7/25/2011,29.01,29.25,28.44,28.49,673300,28.49,28.4645,28.0814,,
7/26/2011,28.31,28.77,27.97,28,760600,28,28.4915,28.0904,,
7/27/2011,28.5,28.5,27.51,27.64,958500,27.64,28.468,28.1112,,
7/28/2011,27.6,28.55,27.54,28.17,938700,28.17,28.462,28.1554,,
7/29/2011,27.8,28.4,27.5,28.17,948200,28.17,28.414,28.1918,,
8/1/2011,28.67,28.98,28.21,28.77,1164900,28.77,28.4015,28.2032,,
8/2/2011,28.69,29.2,27.27,27.34,1549400,27.34,28.3115,28.1906,,
8/3/2011,27.5,27.83,26.34,27.2,1794500,27.2,28.2235,28.1982,,
8/4/2011,26.51,26.89,24.67,24.75,3064500,24.75,27.9745,28.1588,,
8/5/2011,24.99,25.38,22.83,24.24,1964400,24.24,27.746,28.064,,
8/8/2011,23.1,24.44,23.1,23.64,2608500,23.64,27.5105,27.9472,,
8/9/2011,24.15,25.45,23.7,25.06,1333400,25.06,27.355,27.8574,,
8/10/2011,25.44,25.44,23.63,23.82,1564200,23.82,27.114,27.731,,
8/11/2011,24.04,25.75,24,25.3,836500,25.3,26.9985,27.6666,,
8/12/2011,25.6,27.14,25.36,26.31,1009100,26.31,26.935,27.6176,,
8/15/2011,26.62,26.75,25.93,26.23,738600,26.23,26.885,27.5396,,
8/16/2011,26.13,26.54,25.83,26.1,537700,26.1,26.7955,27.4876,,
8/17/2011,26.39,26.65,25.51,25.83,643700,25.83,26.6525,27.4368,,
8/18/2011,25,25.15,23.47,24.26,1056600,24.26,26.4305,27.3796,,
8/19/2011,23.86,24.22,22,22.3,1375300,22.3,26.081,27.2732,,
8/22/2011,23.11,23.8,21.68,21.95,986100,21.95,25.754,27.155,,
8/23/2011,21.93,23.11,21.5,22.96,869000,22.96,25.502,27.0456,,
8/24/2011,23.1,23.93,22.83,23.87,684300,23.87,25.3135,26.951,,
8/25/2011,23.87,23.87,22.9,23.11,679800,23.11,25.0605,26.8668,,
8/26/2011,22.71,23.95,22.07,23.73,761800,23.73,24.8385,26.8114,,
8/29/2011,24.22,24.85,24.02,24.71,803400,24.71,24.6355,26.7756,,
8/30/2011,24.5,24.77,24.09,24.63,366200,24.63,24.5,26.748,,
8/31/2011,24.8,25.5,24.28,24.74,823800,24.74,24.377,26.6922,,
9/1/2011,24.66,24.87,23.84,24,848100,24,24.3395,26.628,,
9/2/2011,23.66,23.99,22.68,23.07,769900,23.07,24.281,26.5352,,
9/6/2011,22.5,23.2,22.29,22.94,809800,22.94,24.246,26.4426,,
9/7/2011,23.39,24,23.28,23.84,459200,23.84,24.185,26.3702,TRADE,
9/8/2011,23.58,24.03,23.28,23.61,505700,23.61,24.1745,26.2802,,
9/9/2011,23.37,23.57,22.55,22.97,669300,22.97,24.058,26.1738,,
9/12/2011,22.5,23.31,22.45,22.88,566600,22.88,23.8865,26.0488,,
9/13/2011,23.01,24.1,22.75,24.08,726500,24.08,23.779,25.95,,
9/14/2011,24.25,24.84,23.79,24.34,830800,24.34,23.691,25.854,,
9/15/2011,24.58,24.93,24.33,24.82,562600,24.82,23.6405,25.7712,,
9/16/2011,24.78,25.84,24.49,25.8,1417100,25.8,23.7175,25.6926,,
9/19/2011,24.95,25.81,23.82,25.77,1157400,25.77,23.891,25.6318,,
9/20/2011,25.98,26.6,25.67,26.01,1180400,26.01,24.094,25.585,,
9/21/2011,25.95,26.95,25.7,25.85,987600,25.85,24.2385,25.5386,,
9/22/2011,25.64,26.11,24.88,25.63,775800,25.63,24.3265,25.4784,,
9/23/2011,25.49,26.62,25.35,26.38,1156400,26.38,24.49,25.4538,,
9/26/2011,26.52,26.52,24.9,25.52,934800,25.52,24.5795,25.4126,,
9/27/2011,26,26.99,25.57,26.19,674500,26.19,24.6535,25.3918,,
9/28/2011,26,26.5,24.51,24.59,723300,24.59,24.6515,25.3258,,
9/29/2011,25.72,25.82,23.55,24.12,929600,24.12,24.6205,25.2344,,
9/30/2011,24.8,24.89,23.49,24.39,1336100,24.39,24.64,25.1482,,
10/3/2011,24.95,25,23.25,23.73,1023200,23.73,24.673,25.037,,
10/4/2011,23.29,24.32,22.93,23.66,1200300,23.66,24.709,24.9404,,
10/5/2011,24.03,25.84,23.35,25.37,1229500,25.37,24.7855,24.8878,,
10/6/2011,25.37,27.6,25.02,26.96,1769100,26.96,24.953,24.8742,,
10/7/2011,26.98,27.6,26.05,26.99,1311600,26.99,25.154,24.8506,,
10/10/2011,27.31,28.18,27,27.88,923500,27.88,25.404,24.8448,,
10/11/2011,27.51,27.77,27.09,27.61,575700,27.61,25.5805,24.8216,,
10/12/2011,27.25,28,27.2,27.8,1123400,27.8,25.7535,24.8308,,
10/13/2011,27.63,28.47,27.44,27.94,1043500,27.94,25.9095,24.8456,,
10/14/2011,28,28.55,27.26,28.05,1400500,28.05,26.022,24.9116,,
10/17/2011,27.86,28,27.26,27.42,754500,27.42,26.1045,24.9752,,
10/18/2011,27.3,28.43,26.71,28.34,999700,28.34,26.221,25.0692,,
10/19/2011,28.02,28.06,27.3,27.57,792900,27.57,26.307,25.1194,,
10/20/2011,27.44,27.47,27,27.34,999700,27.34,26.3925,25.1898,,
10/21/2011,27.4,28.3,27.01,28.03,1142600,28.03,26.475,25.2444,,
10/24/2011,27.87,28.89,27.75,28.55,940600,28.55,26.6265,25.2892,,
10/25/2011,28.23,28.86,27.8,28.25,654400,28.25,26.7295,25.3296,,
10/26/2011,28.19,28.37,27.4,27.98,510500,27.98,26.899,25.3672,,
10/27/2011,28.34,28.95,28.11,28.76,869400,28.76,27.131,25.4258,,
10/28/2011,28.5,30,28.01,29.87,1264000,29.87,27.405,25.538,,
10/31/2011,29.5,29.51,28.75,29.37,1134000,29.37,27.687,25.6794,,
11/1/2011,28.39,28.92,28,28.88,635200,28.88,27.948,25.818,,
11/2/2011,29,29.26,28.25,28.71,875300,28.71,28.115,25.933,,
11/3/2011,30,32.49,29.53,32.46,2509700,32.46,28.39,26.1048,,
11/4/2011,31.46,32.4,30.51,32.31,3032900,32.31,28.656,26.2888,,
11/7/2011,31.64,32,30.75,31.27,1266300,31.27,28.8255,26.4396,,
11/8/2011,31.37,32,30.72,31.84,1167900,31.84,29.037,26.5822,,
11/9/2011,30.87,31.49,30.3,30.88,953700,30.88,29.191,26.7072,,
11/10/2011,30.94,31.5,30.65,31.33,747300,31.33,29.3605,26.839,,
11/11/2011,31.9,34.5,30.57,33.64,3868300,33.64,29.64,27.0318,,
11/14/2011,33,33.54,32.62,33.22,1325700,33.22,29.93,27.2348,,
11/15/2011,32.92,34.4,32.73,33.93,891000,33.93,30.2095,27.4546,,
11/16/2011,33.48,35,33.4,34.94,1833200,34.94,30.578,27.6766,,
11/17/2011,34.5,34.9,33.19,33.68,1349300,33.68,30.895,27.878,,
11/18/2011,33.64,34.11,32.54,32.6,902800,32.6,31.1235,28.0706,,
11/21/2011,32.44,32.44,31.05,31.76,1031600,31.76,31.284,28.2482,,
11/22/2011,31.76,32.79,31.05,32.07,732600,32.07,31.475,28.408,,
11/23/2011,31.76,32.05,31.25,31.45,451800,31.45,31.6485,28.5502,,
11/25/2011,31.55,32.41,31.08,31.66,239600,31.66,31.7935,28.687,,
11/28/2011,32,33.28,31.81,32.56,681200,32.56,31.928,28.8222,,
11/29/2011,32.49,33.07,31.63,31.75,591100,31.75,32.047,28.9418,,
11/30/2011,32.5,32.93,32.22,32.74,760300,32.74,32.24,29.0764,,
12/1/2011,32.57,33.99,31.98,32.6,1030200,32.6,32.4345,29.2114,,
12/2/2011,32.83,33.69,32.4,33.3,802800,33.3,32.4765,29.3648,,
12/5/2011,33.53,35,33.43,34.42,1160100,34.42,32.582,29.5256,,
12/6/2011,34.2,34.98,34.03,34.87,951800,34.87,32.762,29.7126,,
12/7/2011,34.63,34.89,33.8,34.19,674300,34.19,32.8795,29.8726,,
12/8/2011,30.84,31.65,29.61,30.89,3305800,30.89,32.88,29.9986,,
12/9/2011,30.54,31.12,30.28,31.04,1239500,31.04,32.8655,30.137,,
12/12/2011,30.44,30.62,30.02,30.41,758700,30.41,32.704,30.2574,,
12/13/2011,30.57,30.93,28.91,29.45,994100,29.45,32.5155,30.3718,,
12/14/2011,29.5,29.68,28,28.53,1163900,28.53,32.2455,30.4692,,
12/15/2011,28.67,29.17,28.12,28.62,700300,28.62,31.9295,30.5342,,
12/16/2011,28.79,28.93,27.98,28,1029700,28,31.6455,30.555,,
12/19/2011,28.09,28.5,27.37,27.75,987000,27.75,31.403,30.5702,,
12/20/2011,28.05,28.45,27.72,27.9,843300,27.9,31.21,30.5706,,
12/21/2011,27.91,28.07,26.03,27.57,1705500,27.57,30.985,30.5698,,
12/22/2011,27.6,28.05,27.3,27.77,1009400,27.77,30.801,30.5692,,
12/23/2011,28,28,27.52,27.9,591400,27.9,30.613,30.5684,,
12/27/2011,27.66,28.77,27.64,28.57,777500,28.57,30.4135,30.5788,,
12/28/2011,28.99,29.24,28.04,28.51,575200,28.51,30.2515,30.6006,,
12/29/2011,28.59,29.34,28.55,28.73,488200,28.73,30.051,30.6084,,
12/30/2011,28.49,28.98,28.25,28.56,339800,28.56,29.849,30.6282,,
1/3/2012,28.94,29.5,27.65,28.08,928100,28.08,29.588,30.643,,
1/4/2012,28.21,28.67,27.5,27.71,630100,27.71,29.2525,30.6366,,
1/5/2012,27.76,27.93,26.85,27.12,1005500,27.12,28.865,30.608,,
1/6/2012,27.2,27.79,26.41,26.91,986300,26.91,28.501,30.5812,,
1/9/2012,27,27.49,26.12,27.25,897000,27.25,28.319,30.5666,,
1/10/2012,27.44,27.76,27.25,27.62,671800,27.62,28.148,30.5438,,
1/11/2012,27.62,28.38,27.3,28.23,672300,28.23,28.039,30.511,,
1/12/2012,28.48,28.62,27.81,28.25,729300,28.25,27.979,30.4886,,
1/13/2012,28.4,28.5,22.64,22.79,5500400,22.79,27.692,30.3668,,
1/17/2012,26.62,27.34,26.41,26.6,4651600,26.6,27.591,30.3246,,
1/18/2012,26.69,26.88,26.25,26.81,1260200,26.81,27.5315,30.2116,,
1/19/2012,27.19,27.74,26.61,26.76,1246300,26.76,27.482,30.1006,,
1/20/2012,26.9,27,26.4,26.6,662300,26.6,27.417,30.0072,,
1/23/2012,26.81,27.21,26.6,26.77,594600,26.77,27.377,29.9058,,
1/24/2012,26.63,27.68,26.44,27.42,858000,27.42,27.3595,29.8366,,
1/25/2012,27.27,28.01,27.05,27.97,611200,27.97,27.363,29.7694,,
1/26/2012,28.07,29.58,28,28.94,1271100,28.94,27.3815,29.6754,,
1/27/2012,28.5,29.72,28.5,29.33,748400,29.33,27.4225,29.5976,,
1/30/2012,29.49,29.61,28.53,29.57,729000,29.57,27.4645,29.5104,,
1/31/2012,29.9,30,28.87,29.07,956400,29.07,27.49,29.393,,
2/1/2012,29.07,29.7,29,29.58,523200,29.58,27.565,29.311,,
2/2/2012,29.72,30.88,29.61,30.25,805700,30.25,27.692,29.264,,
2/3/2012,30.41,31.33,30.25,31.15,764500,31.15,27.8935,29.2518,,
2/6/2012,31.1,31.9,31.05,31.8,652100,31.8,28.138,29.2464,,
2/7/2012,31.8,31.8,30.82,31.6,1021600,31.6,28.3555,29.2494,,
2/8/2012,31.6,32.01,31.29,31.93,623700,31.93,28.571,29.2548,,
2/9/2012,32,32.9,31.43,32.58,1277100,32.58,28.7885,29.2552,,
2/10/2012,32.26,32.27,29.84,31.1,1874200,31.1,28.931,29.2422,,
2/13/2012,31.55,32.06,30.9,31.49,1157900,31.49,29.366,29.2172,,
2/14/2012,31.74,33.79,31.4,33.17,1810800,33.17,29.6945,29.2286,,
2/15/2012,33.1,34.41,32.27,33.6,2761800,33.6,30.034,29.2346,,
2/16/2012,33.5,34.51,32.54,34.18,2219700,34.18,30.405,29.2298,,
2/17/2012,33.99,34.97,33.5,34.97,1376700,34.97,30.8235,29.2318,,
2/21/2012,34.87,34.87,33.81,34.5,1135800,34.5,31.21,29.238,,
2/22/2012,34.5,34.72,32.5,34.22,1654600,34.22,31.55,29.3046,,
2/23/2012,33.99,34.97,33.56,34.53,820400,34.53,31.878,29.3744,,
2/24/2012,34.23,34.52,33.27,33.75,959900,33.75,32.1185,29.4412,,
2/27/2012,33.41,34,33,33.62,606000,33.62,32.333,29.5246,,
2/28/2012,33.64,34.44,33.17,33.81,612200,33.81,32.545,29.6302,,
2/29/2012,33.81,34.12,33.14,33.41,535700,33.41,32.762,29.726,,
3/1/2012,33.51,34.5,33.31,34.41,703500,34.41,33.0035,29.8542,,
3/2/2012,34.4,34.5,33.71,34.04,550000,34.04,33.193,29.98,,
3/5/2012,34.35,34.4,33.46,33.77,467000,33.77,33.324,30.0974,,
3/6/2012,33.25,33.28,32.62,33.11,573800,33.11,33.3895,30.2082,,
3/7/2012,33.12,33.31,32.91,33.12,364900,33.12,33.4655,30.3152,,
3/8/2012,33.11,33.49,33.04,33.07,633300,33.07,33.5225,30.4186,,
3/9/2012,33.2,35.31,33.2,34.74,1553400,34.74,33.6305,30.542,,
3/12/2012,34.69,36.29,34.6,36.01,1963300,36.01,33.876,30.692,,
3/13/2012,36.51,36.59,35.5,36.09,1001600,36.09,34.106,30.8392,,
3/14/2012,36,36,34.8,35.29,851500,35.29,34.212,30.9738,,
3/15/2012,35.28,35.48,34.78,35,571600,35,34.282,31.1122,,
3/16/2012,34.9,35.89,34.83,35.32,729300,35.32,34.339,31.2644,,
3/19/2012,35.26,35.32,34.54,34.98,1015600,34.98,34.3395,31.4216,,
3/20/2012,34.98,35.2,34.57,34.96,567000,34.96,34.3625,31.5826,,
3/21/2012,34.94,35.3,34.6,35.15,607200,35.15,34.409,31.7406,,
3/22/2012,34.97,35.15,34.3,34.4,522400,34.4,34.4025,31.8762,,
3/23/2012,34.26,34.63,33.15,34.08,1170600,34.08,34.419,31.9932,,
3/26/2012,35.59,38.09,35.04,37.4,3140500,37.4,34.608,32.1762,TRADE,
3/27/2012,37.16,39.95,37.03,37.94,2539200,37.94,34.8145,32.4792,,
3/28/2012,37.78,38.44,37.11,37.85,955000,37.85,35.0365,32.7042,,
3/29/2012,38.19,38.19,37.03,37.33,796400,37.33,35.1825,32.9146,,
3/30/2012,37.52,37.94,36.68,37.24,886400,37.24,35.3425,33.1242,,
4/2/2012,37.33,37.97,36.53,36.58,1028600,36.58,35.483,33.3238,,
4/3/2012,36.7,38.47,36.67,38.01,1098100,38.01,35.728,33.5486,,
4/4/2012,35.27,35.49,34.69,35,4481800,35,35.822,33.7002,,
4/5/2012,35.1,35.44,34.41,34.48,1509400,34.48,35.8925,33.8304,,
4/9/2012,34.1,34.29,33.1,33.15,1655700,33.15,35.813,33.9146,,
4/10/2012,33.15,33.85,32.1,32.46,1847700,32.46,35.6355,33.9772,,
4/11/2012,33.24,33.29,32.01,33.09,1105500,33.09,35.4855,34.0476,,
4/12/2012,33.77,34.48,32.92,33.44,1033900,33.44,35.393,34.135,,
4/13/2012,33.94,34.04,32.85,33.59,649600,33.59,35.3225,34.2152,,
4/16/2012,33.41,33.7,32.09,32.25,1099600,32.25,35.169,34.2552,,
4/17/2012,32.43,33.07,32.04,32.24,1115500,32.24,35.032,34.277,,
4/18/2012,32.09,32.75,31.53,32.66,823100,32.66,34.917,34.2942,,
4/19/2012,32.75,33.43,32.5,33.16,774900,33.16,34.8175,34.3254,,
4/20/2012,33.14,33.73,32.94,33.16,821800,33.16,34.7555,34.35,,
4/23/2012,32.86,32.97,31.71,31.94,890800,31.94,34.6485,34.3372,,
4/24/2012,31.82,32.2,31,31.82,674500,31.82,34.3695,34.3516,,
4/25/2012,32.07,32.99,32.07,32.91,712200,32.91,34.118,34.38,,
4/26/2012,32.96,33.52,32.91,33.49,425300,33.49,33.9,34.3864,,
4/27/2012,33.6,33.63,32.91,33.34,591000,33.34,33.7005,34.3812,,
4/30/2012,33.27,33.36,32.58,33.13,413900,33.13,33.495,34.3602,,
5/1/2012,33.13,34.21,33.13,33.78,659000,33.78,33.355,34.3364,,
5/2/2012,33.5,34.39,33.39,33.94,497300,33.94,33.1515,34.3252,,
5/3/2012,33.91,34,32.13,32.46,841300,32.46,33.0245,34.29,,
5/4/2012,32.32,32.46,31.4,31.83,1247500,31.83,32.892,34.236,,
5/7/2012,31.96,32.58,31.61,32.47,1158000,32.47,32.858,34.2104,,
5/8/2012,32.5,32.73,29.37,30.19,3097200,30.19,32.7445,34.1418,,
5/9/2012,30.3,30.77,29.76,30.06,1947900,30.06,32.593,34.0668,,
5/10/2012,32.97,34.68,32.4,32.96,5556300,32.96,32.569,34.0578,,
5/11/2012,32.49,33.44,32.16,32.25,1221300,32.25,32.502,34.0146,,
5/14/2012,31.92,32.13,30.05,30.06,1380900,30.06,32.3925,33.935,,
5/15/2012,30.26,30.96,29.22,29.43,1585700,29.43,32.252,33.8482,,
5/16/2012,29.58,30.18,28.88,29.18,1257100,29.18,32.078,33.7696,,
5/17/2012,29.3,29.79,28.24,28.57,1149000,28.57,31.8485,33.6786,,
5/18/2012,28.37,28.46,26.83,27.56,1616500,27.56,31.5685,33.5684,,
5/21/2012,27.58,29.26,27.12,28.77,1475200,28.77,31.41,33.449,,
5/22/2012,30.1,31.34,30,30.8,2366200,30.8,31.359,33.3448,,
5/23/2012,30.56,31.05,29.5,31.02,1220400,31.02,31.2645,33.2434,,
5/24/2012,31.25,31.25,29.69,30.28,1075600,30.28,31.104,33.1432,,
5/25/2012,30.16,30.41,29.2,29.81,757000,29.81,30.9275,33.0394,,
5/29/2012,30.01,31.93,30.01,31.69,1650000,31.69,30.8555,32.9668,,
5/30/2012,31.08,31.42,30.24,30.41,1307200,30.41,30.687,32.8754,,
5/31/2012,30.07,30.29,28.75,29.5,1118700,29.5,30.465,32.7662,,
6/1/2012,28.53,29.16,27.76,28.15,885800,28.15,30.2495,32.6262,,
6/4/2012,28.03,28.41,27.11,27.88,1030900,27.88,30.052,32.4958,,
6/5/2012,27.84,28.39,27.56,27.91,630900,27.91,29.824,32.3724,,
6/6/2012,28.2,29.45,28.14,29.22,909900,29.22,29.7755,32.2088,,
6/7/2012,29.81,29.87,28.85,28.93,492100,28.93,29.719,32.0286,,
6/8/2012,28.86,30.19,28.15,30.08,881100,30.08,29.575,31.8732,,
6/11/2012,30.31,31,28.96,29.12,636000,29.12,29.4185,31.709,,
6/12/2012,29.23,29.84,28.81,29.66,569000,29.66,29.3985,31.5574,,
6/13/2012,29.55,30.64,29.47,29.77,844100,29.77,29.4155,31.4212,,
6/14/2012,30.18,30.65,28.62,29.39,872200,29.39,29.426,31.2488,,
6/15/2012,29.39,29.95,28.81,29.91,646800,29.91,29.493,31.147,,
6/18/2012,29.94,32.33,29.5,31.84,1256800,31.84,29.707,31.0942,,
6/19/2012,32.02,32.66,31.5,32.09,911100,32.09,29.873,31.073,,
6/20/2012,33.5,34.5,33.21,33.78,3422400,33.78,30.022,31.0994,,
6/21/2012,34.26,34.28,31.84,32.19,1891900,32.19,30.0805,31.0814,,
6/22/2012,32.6,33.98,32.46,33.79,3046600,33.79,30.256,31.0884,,
6/25/2012,33.94,34.12,32.75,33.11,1498500,33.11,30.421,31.0788,,
6/26/2012,32.05,32.35,31.39,31.61,2613900,31.61,30.417,31.066,,
6/27/2012,31.9,32.45,31.57,31.96,1047200,31.96,30.4945,31.0604,,
6/28/2012,31.9,32.11,30.62,31.41,914100,31.41,30.59,31.0354,,
6/29/2012,32.8,32.8,31,31.29,1125800,31.29,30.747,30.998,,
7/2/2012,31.35,31.8,30.19,30.4,1315600,30.4,30.873,30.9428,,
7/3/2012,30.6,31,30.4,30.66,947000,30.66,31.0105,30.9172,,
7/5/2012,30.81,31.67,30.8,31.23,1253800,31.23,31.111,30.9054,,
7/6/2012,30.99,31.73,30.8,30.99,784500,30.99,31.214,30.867,,
7/9/2012,30.94,31.83,30.67,31.49,910500,31.49,31.2845,30.827,,
7/10/2012,31.54,32.48,30.89,31.27,758400,31.27,31.392,30.7856,,
7/11/2012,31.57,31.68,31.01,31.51,638600,31.51,31.4845,30.7532,,
7/12/2012,31.29,33.01,30.8,32.7,1125700,32.7,31.631,30.7316,,
7/13/2012,32.97,34.4,32.83,34.25,1304800,34.25,31.874,30.7378,,
7/16/2012,34.32,36,33.9,35.96,1744000,35.96,32.1765,30.8078,,
7/17/2012,35,35.21,32.38,33.35,2569300,33.35,32.252,30.8382,,
7/18/2012,31.42,33.67,31.06,32.15,2881900,32.15,32.255,30.8318,,
7/19/2012,32.72,33.15,32.04,32.27,1435900,32.27,32.1795,30.8734,,
7/20/2012,32.07,32.25,31.25,31.79,1568500,31.79,32.1595,30.908,,
7/23/2012,31.05,31.3,30.62,30.66,1386800,30.66,32.003,30.862,,
7/24/2012,30.66,31.04,29.62,29.84,1500300,29.84,31.8395,30.8138,,
7/25/2012,29.92,29.98,28.75,28.95,2842200,28.95,31.7065,30.7916,,
7/26/2012,29.9,30,27.64,28.13,2262300,28.13,31.515,30.7656,,
7/27/2012,28.71,29.66,28.1,29.51,1673000,29.51,31.42,30.7722,,
7/30/2012,29.51,30.25,27.21,27.35,2065200,27.35,31.223,30.7478,,
7/31/2012,27.54,27.97,27.35,27.42,1575100,27.42,31.074,30.745,,
8/1/2012,27.99,27.99,26.03,26.25,1592300,26.25,30.8535,30.6946,,
8/2/2012,26.84,26.85,25.52,26.1,1305100,26.1,30.597,30.6006,,
8/3/2012,26.9,27.55,26.74,27.27,1209500,27.27,30.411,30.5256,,
8/6/2012,27.55,28.7,27.55,28.27,1528200,28.27,30.25,30.4854,,
8/7/2012,28.77,30.9,28.5,30.25,2387200,30.25,30.199,30.4942,,
8/8/2012,29.9,30,28.59,29.09,1308900,29.09,30.078,30.4422,,
8/9/2012,29.52,30,29.13,29.41,672600,29.41,29.9135,30.4222,,
8/10/2012,29.31,29.94,29.31,29.94,707400,29.94,29.698,30.431,,
8/13/2012,29.69,31.3,29.1,31.17,870100,31.17,29.4585,30.4914,,
8/14/2012,30.75,31.17,29.26,29.42,793400,29.42,29.262,30.5222,,
8/15/2012,29.39,29.7,28.81,29.4,525400,29.4,29.1245,30.552,,
8/16/2012,29.53,30.39,29.5,30.3,669000,30.3,29.026,30.5736,,
8/17/2012,30.29,30.71,29.98,30.01,508200,30.01,28.937,30.5952,,
8/20/2012,30.15,30.39,29.1,29.51,1179100,29.51,28.8795,30.5838,,
8/21/2012,29.58,30,29,29.11,761600,29.11,28.843,30.5836,,
8/22/2012,29.01,30.04,29.01,29.95,775500,29.95,28.893,30.5894,,
8/23/2012,30,30.85,29.65,30.73,1471000,30.73,29.023,30.6086,,
8/24/2012,30.06,30.24,29.41,29.5,1429400,29.5,29.0225,30.6108,,
8/27/2012,29.57,29.7,28.17,28.32,1350400,28.32,29.071,30.579,,
8/28/2012,28.4,29.38,28,28.69,1402700,28.69,29.1345,30.516,,
8/29/2012,28.49,28.64,28.02,28.41,838900,28.41,29.2425,30.4424,,
8/30/2012,28.6,28.74,28.1,28.41,656400,28.41,29.358,30.335,,
8/31/2012,28.61,28.84,28.2,28.52,539800,28.52,29.4205,30.2616,,
9/4/2012,28.52,28.99,27.9,28.14,752500,28.14,29.414,30.1486,,
9/5/2012,28.01,28.5,27.81,27.94,639300,27.94,29.2985,30.0452,,
9/6/2012,28,28.9,27.9,28.55,841700,28.55,29.2715,29.984,,
9/7/2012,28.55,29.57,28.5,29.35,953200,29.35,29.2685,29.9318,,
9/10/2012,29.2,29.35,27.3,27.37,1483300,27.37,29.14,29.851,,
9/11/2012,27.76,28.16,27.4,27.8,1014900,27.8,28.9715,29.7812,,
9/12/2012,27.9,28.58,27.8,28.28,1145200,28.28,28.9145,29.7388,,
9/13/2012,28.57,29.5,28.48,29.48,1484700,29.48,28.9185,29.7152,,
9/14/2012,30,30.65,29.65,30.39,1536600,30.39,28.923,29.6984,,
9/17/2012,32.35,32.78,31.51,32.54,3212800,32.54,29.0495,29.7294,,
9/18/2012,31.88,31.9,30.68,31.34,1788500,31.34,29.141,29.7264,,
9/19/2012,31,31.74,30.94,31.05,1048500,31.05,29.238,29.722,,
9/20/2012,30.93,31.5,30.68,30.9,912400,30.9,29.2855,29.7098,,
9/21/2012,31.1,31.49,29.54,30.02,1870000,30.02,29.25,29.6562,,
9/24/2012,29.51,31.03,29.4,30.66,1301900,30.66,29.308,29.5844,,
9/25/2012,28.62,29.48,27.53,27.66,5680400,27.66,29.275,29.4184,,
9/26/2012,27.66,28.4,27.48,27.54,1527200,27.54,29.2175,29.3022,,
9/27/2012,27.82,28.54,27.6,28.49,1758600,28.49,29.2215,29.229,,
9/28/2012,28.73,29.89,28.61,29.28,4343400,29.28,29.265,29.1692,,
10/1/2012,29.5,29.89,29,29.16,884400,29.16,29.297,29.1166,,
10/2/2012,29.28,29.89,29,29.8,729000,29.8,29.38,29.0994,,
10/3/2012,29.75,29.95,29.24,29.3,1052800,29.3,29.448,29.0886,,
10/4/2012,30,30.1,28.65,29.4,1541300,29.4,29.4905,29.0976,,
10/5/2012,29.7,29.81,28.68,28.89,938600,28.89,29.4675,29.1128,,
10/8/2012,28.86,29.4,28.61,29.25,889700,29.25,29.5615,29.1076,,
10/9/2012,29.12,29.12,28.25,28.37,1193000,28.37,29.59,29.128,,
10/10/2012,28.39,28.72,28.01,28.4,503600,28.4,29.596,29.1476,,
10/11/2012,28.94,28.98,28.25,28.32,450600,28.32,29.538,29.189,,
10/12/2012,28.32,28.73,27.5,27.64,987600,27.64,29.4005,29.2198,,
10/15/2012,28.02,28.05,26.86,27.33,1468700,27.33,29.14,29.221,,
10/16/2012,27.67,28.09,27.34,28.06,479300,28.06,28.976,29.2168,,
10/17/2012,28.25,28.84,27.8,28.82,668000,28.82,28.8645,29.1882,,
10/18/2012,28.99,28.99,27.78,28.04,741000,28.04,28.7215,29.1672,,
10/19/2012,27.83,28.2,27.3,27.74,1027400,27.74,28.6075,29.1338,,
10/22/2012,27.99,28,27.36,27.85,470200,27.85,28.467,29.092,,
10/23/2012,27.38,28.56,27.37,28.39,749000,28.39,28.5035,29.0364,,
10/24/2012,28.52,28.52,27.25,27.42,1016400,27.42,28.4975,28.9964,,
10/25/2012,27.8,27.8,27.45,27.52,577700,27.52,28.449,28.9588,,
10/26/2012,27.53,27.8,27.02,27.38,477400,27.38,28.354,28.9004,,
10/31/2012,27.7,28.35,27.37,28.13,775200,28.13,28.3025,28.8628,,
11/1/2012,28.25,29.49,28.2,29.25,1024100,29.25,28.275,28.8576,,
11/2/2012,29.27,29.55,28.55,28.92,1030300,28.92,28.256,28.8538,,
11/5/2012,29.8,31.58,29.33,31.5,2048900,31.5,28.361,28.8848,,
11/6/2012,30.61,31.2,29.95,31.15,2324000,31.15,28.474,28.8932,,
11/7/2012,31,32.05,30.81,31.54,1714500,31.54,28.5885,28.934,,
11/8/2012,31.01,31.88,30.94,31.31,1274000,31.31,28.7355,28.9938,,
11/9/2012,30.6,30.93,29.85,30.32,863000,30.32,28.8315,29.0264,,
11/12/2012,30.29,31.42,30.16,31.07,555900,31.07,28.969,29.0796,,
11/13/2012,31.29,32,30.72,31.61,998300,31.61,29.1675,29.1436,,
11/14/2012,31.96,32.12,31.2,31.38,871300,31.38,29.37,29.2008,,
11/15/2012,31.3,31.44,30.5,30.82,984000,30.82,29.508,29.2544,,
11/16/2012,31.15,32,30.59,31.84,908700,31.84,29.659,29.3324,,
11/19/2012,32.07,33.25,31.84,32.92,1392400,32.92,29.903,29.4198,,
11/20/2012,32.8,33.1,31.91,33,922500,33,30.166,29.4928,,
11/21/2012,32.61,33.47,32.29,32.47,963200,32.47,30.397,29.5948,,
11/23/2012,32.6,32.83,31.7,32.13,430300,32.13,30.584,29.6814,,
11/26/2012,32.1,32.3,31.62,32.27,495800,32.27,30.8265,29.7612,,
11/27/2012,32.13,32.66,31.52,32.15,910800,32.15,31.058,29.8146,,
11/28/2012,32,34.29,31.91,33.23,1525200,33.23,31.3505,29.8714,,
11/29/2012,33.44,34,32.87,33.69,1103400,33.69,31.6285,29.8944,,
11/30/2012,33.63,34.28,33.01,33.82,1420300,33.82,31.857,29.944,,
12/3/2012,33.89,35,33.5,34.62,2085700,34.62,32.142,30.0154,,
12/4/2012,34.08,34.8,33.55,33.9,1263300,33.9,32.262,30.0754,,
12/5/2012,33.82,34.19,33.58,33.71,661500,33.71,32.39,30.1492,,
12/6/2012,33.82,34.8,33.5,33.9,660400,33.9,32.508,30.214,,
12/7/2012,34.3,34.49,33.85,34.17,664400,34.17,32.651,30.3442,,
12/10/2012,34.43,34.8,34.18,34.57,929800,34.57,32.8635,30.4848,,
12/11/2012,34.6,35.5,34.46,35.28,1572600,35.28,33.074,30.6206,,
12/12/2012,35.21,35.8,34.95,35.26,2063800,35.26,33.2565,30.7402,,
12/13/2012,35.26,35.3,32.75,33.61,2151300,33.61,33.368,30.8292,,
12/14/2012,33.78,34.4,33.59,33.81,1023000,33.81,33.5175,30.9094,,
12/17/2012,33.77,34.5,33.75,34.4,824900,34.4,33.6455,31.0114,,
12/18/2012,34.26,35.07,34.26,34.59,1553900,34.59,33.729,31.1152,,
12/19/2012,34.75,35.26,34.52,34.61,1298800,34.61,33.8095,31.2296,,
12/20/2012,34.51,34.79,34.05,34.43,921200,34.43,33.9075,31.3332,,
12/21/2012,33.94,34.17,33.58,34,1492400,34,34.001,31.4458,,
12/24/2012,33.64,34.35,33.55,34.28,375800,34.28,34.1015,31.5634,,
12/26/2012,33.96,34.5,33.5,33.59,601400,33.59,34.1735,31.6688,,
12/27/2012,33.5,33.91,33,33.69,561100,33.69,34.1965,31.7898,,
12/28/2012,33.38,33.65,33.02,33.22,414100,33.22,34.173,31.9076,,
12/31/2012,33,33.97,33,33.87,594900,33.87,34.1755,32.0238,,
1/2/2013,35,35.45,34.71,35.36,1194800,35.36,34.2125,32.1546,,
1/3/2013,35.18,35.45,34.75,34.77,742000,34.77,34.256,32.2892,,
1/4/2013,34.8,34.8,33.92,34.4,674000,34.4,34.2905,32.4224,,
1/7/2013,34.8,34.8,33.9,34.34,442000,34.34,34.3125,32.5522,,
1/8/2013,34.5,34.5,33.11,33.68,1284000,33.68,34.288,32.658,,
1/9/2013,34.01,34.19,33.4,33.64,698000,33.64,34.2415,32.7824,,
1/10/2013,33.87,33.99,33.38,33.53,922500,33.53,34.154,32.9026,,
1/11/2013,34.04,34.04,32.11,32.91,1563200,32.91,34.0365,33.0132,,
1/14/2013,33.08,33.38,32.85,33.26,925100,33.26,34.019,33.1158,,
1/15/2013,33.11,34.25,33.08,33.9,1624200,33.9,34.0235,33.2088,,
1/16/2013,33.85,34.23,33.73,34.1,1378200,34.1,34.0085,33.3124,,
1/17/2013,34.16,34.85,33.92,34.38,1436700,34.38,33.998,33.37,,
1/18/2013,34.74,34.78,33.82,34.52,3555100,34.52,33.9935,33.4374,,
1/22/2013,34.56,35.55,34.26,35.19,1920200,35.19,34.0315,33.5104,,
1/23/2013,35.02,36.24,34.96,36,1564300,36,34.1315,33.6042,,
1/24/2013,36,37.72,35.84,36.99,1970400,36.99,34.267,33.7376,,
1/25/2013,37,37.54,36.8,36.98,1287800,36.98,34.4365,33.8558,,
1/28/2013,36.86,38.71,36.86,38.03,1986000,38.03,34.6535,33.9842,,
1/29/2013,38.1,38.44,37.13,37.95,1426600,37.95,34.89,34.1156,,
1/30/2013,37.85,38,37.43,37.52,968100,37.52,35.0725,34.2496,,
1/31/2013,37.87,37.87,36.93,37.51,901400,37.51,35.18,34.363,,
2/1/2013,38.17,38.5,37.62,38.3,1100600,38.3,35.3565,34.4706,,
2/4/2013,38.4,38.42,37.59,37.74,1128000,37.74,35.5235,34.5654,,
2/5/2013,38,38.65,37.68,38.13,1310200,38.13,35.713,34.6786,,
2/6/2013,38.18,39.39,37.9,39.17,1893200,39.17,35.9875,34.8194,,
2/7/2013,39.19,39.68,38.95,39.48,1196600,39.48,36.2795,34.9636,,
2/8/2013,39.45,40,39.14,39.24,1139800,39.24,36.565,35.1054,,
2/11/2013,37.98,39.15,37.5,38.42,3266300,38.42,36.8405,35.2092,,
2/12/2013,38.45,38.87,37.29,37.89,2261300,37.89,37.072,35.2932,,
2/13/2013,38.3,39,38.05,38.45,966800,38.45,37.2995,35.3858,,
2/14/2013,38.64,38.75,38.21,38.27,990700,38.27,37.508,35.4588,,
2/15/2013,38.5,38.51,36.95,37.04,2017600,37.04,37.641,35.5216,,
2/19/2013,37.36,39.29,37.31,39.28,2701400,39.28,37.879,35.633,,
2/20/2013,39.3,39.65,38.46,38.54,3122000,38.54,38.0465,35.7258,,
2/21/2013,36.49,37.39,34.54,35.16,9037800,35.16,38.0045,35.7456,,
2/22/2013,35.72,36.39,35.6,36.11,2547300,36.11,37.9605,35.7764,,
2/25/2013,36.15,36.75,34.34,34.38,2889400,34.38,37.8305,35.7584,,
2/26/2013,34.46,34.96,33.8,34.43,2762900,34.43,37.6505,35.7418,,
2/27/2013,34.41,35.41,34.4,35.1,1959200,35.1,37.508,35.7716,,
2/28/2013,35.89,36.1,34.37,34.83,1964900,34.83,37.3735,35.792,,
3/1/2013,35,35.08,34.25,34.65,1546600,34.65,37.2305,35.797,,
3/4/2013,34.77,35.83,34.7,35.58,1757700,35.58,37.0945,35.8168,,
3/5/2013,36,36.92,35.79,36.65,2087000,36.65,37.04,35.8576,,
3/6/2013,37.01,37.88,36.97,37.69,1150000,37.69,37.018,35.9228,,
3/7/2013,37.73,38.65,36.88,38.23,1158300,38.23,36.971,36.0074,,
3/8/2013,38.06,39.44,37.36,38.47,912100,38.47,36.9205,36.0912,,
3/11/2013,38.87,39.44,38.65,39.1,1579500,39.1,36.9135,36.2014,,
3/12/2013,38.9,39.38,38.85,39.12,1275100,39.12,36.9485,36.31,,
3/13/2013,39,39.49,38.81,38.98,822000,38.98,37.003,36.4252,,
3/14/2013,38.9,38.91,36.77,36.85,2021000,36.85,36.923,36.4848,,
3/15/2013,36.64,36.65,35.21,35.29,3279600,35.29,36.774,36.4834,,
3/18/2013,35.3,36.06,34.92,35.15,1316100,35.15,36.6795,36.491,,
3/19/2013,35.25,35.6,34.94,35.08,1098500,35.08,36.4695,36.5046,,
3/20/2013,35.26,36.07,35.16,35.95,1423000,35.95,36.34,36.5368,,
3/21/2013,35.95,37.06,35.74,36.01,1146300,36.01,36.3825,36.5834,,
3/22/2013,36.2,36.8,36.2,36.62,440200,36.62,36.408,36.643,,
3/25/2013,37.1,38.52,36.77,37.53,2378800,37.53,36.5655,36.723,,
3/26/2013,37.98,38.22,37.66,37.86,1808200,37.86,36.737,36.822,,
3/27/2013,37.94,38.38,37.31,38.16,1296300,38.16,36.89,36.92,,
3/28/2013,38.23,38.24,37.75,37.89,1158700,37.89,37.043,36.9998,,
4/1/2013,42.36,46.68,41.7,43.93,14098500,43.93,37.507,37.1964,,
4/2/2013,43.6,45.5,43.51,44.34,6652400,44.34,37.945,37.3956,,
4/3/2013,43.1,43.47,40.21,41.1,5643600,41.1,38.1675,37.5272,,
4/4/2013,41.11,42.25,40.81,42.01,2264800,42.01,38.3835,37.6636,,
4/5/2013,42,42,40.5,41.37,1552400,41.37,38.5405,37.771,,
4/8/2013,41.97,42.55,41.51,41.83,1679000,41.83,38.7085,37.8678,,
4/9/2013,41.8,41.83,40.33,40.5,1696100,40.5,38.7785,37.9382,,
4/10/2013,40.7,42.01,40.61,41.86,2121100,41.86,38.9155,38.0148,,
4/11/2013,42.06,44.55,41.75,43.59,3447400,43.59,39.146,38.1276,,
4/12/2013,43.25,45.14,43.05,43.75,3149400,43.75,39.491,38.2522,,
4/15/2013,43.5,43.8,42.51,43.3,1681400,43.3,39.8915,38.368,,
4/16/2013,44.19,46.14,43.91,45.59,3180400,45.59,40.4135,38.5138,TRADE,
4/17/2013,45.5,45.95,44.54,45.45,2118500,45.45,40.932,38.668,,
4/18/2013,45.98,47.6,45.39,46.97,3367900,46.97,41.483,38.8448,,
4/19/2013,47.46,49.88,47.07,47.83,3011700,47.83,42.074,39.018,,
4/22/2013,48.6,50.2,47.75,50.19,3939400,50.19,42.7525,39.2322,,
4/23/2013,51,52.92,50.66,51.01,3733800,51.01,43.4265,39.4676,,
4/24/2013,50.9,51.05,48.98,50.43,2630000,50.43,44.055,39.7078,,
4/25/2013,50.5,52.4,50.5,52,2795900,52,44.747,39.99,,
4/26/2013,53.13,53.74,50.62,51.2,3622100,51.2,45.4125,40.245,,
4/29/2013,51.76,54.99,51.2,54.94,3639700,54.94,45.963,40.5784,,
4/30/2013,56,58.18,53.76,53.99,5522600,53.99,46.4455,40.9174,,
5/1/2013,55.99,55.99,53,53.28,2742800,53.28,47.0545,41.1974,,
5/2/2013,53.85,55.27,53.7,54.11,3050400,54.11,47.6595,41.5088,,
5/3/2013,56.47,56.47,54.5,54.55,3378700,54.55,48.3185,41.8966,,
5/6/2013,56.39,59.66,55.5,59.5,4366700,59.5,49.202,42.3644,,
5/7/2013,62,62.37,55.12,55.51,9991000,55.51,49.9525,42.787,,
5/8/2013,57.5,58.2,55.71,55.79,6769900,55.79,50.649,43.2142,,
5/9/2013,70.12,75.77,63.69,69.4,28605000,69.4,51.9395,43.9002,,
5/10/2013,69.65,81,69.25,76.76,25082600,76.76,53.59,44.7388,,
5/13/2013,80.99,88,79.15,87.8,22416900,87.8,55.815,45.8018,,
5/14/2013,94.22,97.12,81.15,83.24,37163900,83.24,57.6975,46.755,,
5/15/2013,81.8,86.88,78.11,84.84,16878700,84.84,59.667,47.7188,,
5/16/2013,94.7,95,88.66,92.25,21614000,92.25,61.931,48.81,TRADE,
5/17/2013,92.5,94.44,87.5,91.5,19002200,91.5,64.1145,49.8754,,
5/20/2013,91.12,92.5,88.63,89.94,8348400,89.94,66.102,50.9048,,
5/21/2013,88.5,89.99,85.28,87.59,8998200,87.59,67.931,51.8746,,
5/22/2013,86.37,90.96,85.5,87.24,8568000,87.24,69.7715,52.837,,
5/23/2013,84.81,93.01,83.05,92.73,12022200,92.73,71.808,53.912,,
5/24/2013,92.6,97.95,92,97.08,16124200,97.08,74.102,55.1166,,
5/28/2013,101.55,110.75,100.3,110.33,19691900,110.33,76.8715,56.6174,,
5/29/2013,113.55,114.9,99,104.63,25099500,104.63,79.4035,58.007,,
5/30/2013,102.46,109.54,101.2,104.95,16133700,104.95,81.987,59.4044,,
5/31/2013,106.26,106.44,97.73,97.76,15172000,97.76,84.1695,60.6406,,
6/3/2013,97.62,97.62,88.25,92.59,19139600,92.59,86.0715,61.7722,,
6/4/2013,92.75,96.42,92.4,94.84,8856100,94.84,87.8385,62.9366,,
6/5/2013,93.66,97.97,89.11,95.37,12224800,95.37,89.8315,64.0934,,
6/6/2013,95.25,99.27,95.11,97.35,9510900,97.35,91.9095,65.2832,,
6/7/2013,98,102.9,96.7,102.04,10711600,102.04,93.5415,66.5608,,
6/10/2013,98.93,102.52,98.57,100.05,9228600,100.05,94.706,67.804,,
6/11/2013,98.18,98.68,94.05,94.47,7394000,94.47,95.0395,68.8148,,
6/12/2013,96.8,100.48,95.75,97.73,9192700,97.73,95.764,69.8826,,
6/13/2013,99,99.28,95.12,98.18,5961600,98.18,96.431,71.0242,,
6/14/2013,100,102.52,99.33,100.3,6564700,100.3,96.8335,72.19,TRADE,
6/17/2013,103.6,104.75,101.2,102.2,7066200,102.2,97.3685,73.4066,,
6/18/2013,101.75,103.98,99.2,103.39,8795300,103.39,98.041,74.6378,,
6/19/2013,102.06,106.67,102.01,104.68,8578900,104.68,98.8955,75.9214,,
6/20/2013,104.65,107.13,99.45,100.65,10106500,100.65,99.566,77.0972,,
6/21/2013,103.7,103.7,97.5,99.55,11718600,99.55,99.907,78.2164,,
6/24/2013,96.5,102.87,95.3,101.49,7119800,101.49,100.1275,79.3712,,
6/25/2013,103.1,104.2,100.55,102.4,5848700,102.4,99.731,80.5532,,
6/26/2013,103.8,105.87,102.66,105.72,6602600,105.72,99.7855,81.7558,,
6/27/2013,106.75,110.25,106.13,109.25,8744900,109.25,100.0005,83.0318,,
6/28/2013,108.57,109.44,106.71,107.36,5748600,107.36,100.4805,84.2396,,
7/1/2013,109.36,117.77,109.15,117.18,10903600,117.18,101.71,85.6266,,
7/2/2013,118.25,121.89,115.5,117.82,12064100,117.82,102.859,86.9792,,
7/3/2013,118,119.25,114.27,115.24,4806700,115.24,103.8525,88.2638,,
7/5/2013,118.32,120.28,115.7,120.09,6818700,120.09,104.9895,89.657,,
7/8/2013,121.37,122.18,118.82,121.61,7814200,121.61,105.968,91.0492,,
7/9/2013,124.64,125.32,121.91,123.45,8603300,123.45,107.138,92.4942,,
7/10/2013,123.19,123.25,120.79,122.27,5600100,122.27,108.528,93.8408,,
7/11/2013,124.88,126.09,122.35,125.61,7483600,125.61,109.922,95.2732,,
7/12/2013,125.5,129.94,124.51,129.9,11344000,129.9,111.508,96.8056,,
7/15/2013,133.03,133.26,126.82,127.26,9922400,127.26,112.856,98.2686,,
7/16/2013,126.28,126.32,107.3,109.05,32371900,109.05,113.1985,99.3586,,
7/17/2013,106.52,121.62,104.5,120.25,26029000,120.25,114.0415,100.5736,,
7/18/2013,120.97,122.73,116.18,119.03,11398100,119.03,114.759,101.844,,
7/19/2013,118.5,120.55,116.51,119.68,5890300,119.68,115.7105,103.1218,,
7/22/2013,119.89,126.68,119.88,122.43,9797800,122.43,116.8545,104.1824,,
7/23/2013,124,125.56,121.82,122.74,7736400,122.74,117.917,105.102,,
7/24/2013,124.47,124.5,119.56,121.7,6869000,121.7,118.882,105.78,,
7/25/2013,120.4,124.75,120.19,124.07,5284300,124.07,119.7995,106.5966,,
7/26/2013,128.14,130.68,126.61,129.39,9633100,129.39,120.8065,107.4876,,
7/29/2013,129.32,135.37,128.25,134.62,9678900,134.62,122.1695,108.335,,
7/30/2013,134.8,137.49,128.18,131.74,13127000,131.74,122.8975,109.1398,,
7/31/2013,132.57,134.97,131.45,134.28,6351700,134.28,123.7205,110.0266,,
8/1/2013,135,136.52,132.63,135.55,5323600,135.55,124.736,110.9858,,
8/2/2013,134.59,138.25,133.61,138,6269900,138,125.6315,112.001,,
8/5/2013,140.01,144.89,139.65,144.68,10200700,144.68,126.785,113.04,,
8/6/2013,144.75,145.73,141.1,142.15,9254500,142.15,127.72,113.9414,,
8/7/2013,141.89,141.95,132.36,134.23,18212200,134.23,128.318,114.4194,,
8/8/2013,154.35,158.88,150.46,153.48,27246800,153.48,129.7115,115.3964,TRADE,
8/9/2013,152.4,155.95,151.25,153,8927700,153,130.8665,116.3574,,
8/12/2013,149.43,150.5,142.05,147.38,14912200,147.38,131.8725,117.3498,,
8/13/2013,149.5,149.84,144.45,145.43,8748900,145.43,133.6915,118.4066,,
8/14/2013,142.72,144.84,138.05,139.36,11693800,139.36,134.647,119.297,,
8/15/2013,136.43,143.6,135,139.67,10179200,139.67,135.679,120.183,,
8/16/2013,141.63,143.91,140.97,142,7108100,142,136.795,121.076,,
8/19/2013,143.43,147.38,142.83,144.9,8037700,144.9,137.9185,121.9332,,
8/20/2013,148.65,149.78,147,149.58,6418200,149.58,139.2605,122.9238,,
8/21/2013,150,150.31,146.25,147.86,6266300,147.86,140.5685,123.9916,,
8/22/2013,149.22,157.48,148.14,157.1,10592400,157.1,142.22,125.179,,
8/23/2013,157,162.3,155,161.84,12931900,161.84,143.8425,126.4522,,
8/26/2013,165.15,173,160.25,164.22,24171100,164.22,145.3225,127.7306,,
8/27/2013,162.3,168.8,160.95,167.01,17566900,167.01,147.086,129.0268,,
8/28/2013,169.06,171.5,163.25,166.45,14740100,166.45,148.6945,130.288,,
8/29/2013,164.22,167.75,162.51,166.06,9436000,166.06,150.22,131.5156,,
8/30/2013,166.37,169.21,163.96,169,11028400,169,151.77,132.8826,,
9/3/2013,173.4,173.7,166.4,168.94,12061100,168.94,152.983,134.2704,,
9/4/2013,169.77,171.62,165.56,170.62,11475700,170.62,154.4065,135.653,,
9/5/2013,170.1,171.5,168.25,169.93,6685300,169.93,156.1915,137.0036,,
9/6/2013,168.57,169.7,165.15,166.97,8619700,166.97,156.866,138.2286,,
9/9/2013,163.12,164.5,158.51,160.7,14344500,160.7,157.251,139.2576,,
9/10/2013,161.45,167.5,160.63,166.37,8967800,166.37,158.2005,140.4378,,
9/11/2013,166.41,167.9,162.13,163.52,5832500,163.52,159.105,141.3646,,
9/12/2013,164,166.76,160.51,164.93,6160000,164.93,160.3835,142.3068,,
9/13/2013,162.77,166.37,162.16,165.54,5401200,165.54,161.677,143.3128,,
9/16/2013,168,170.85,165.85,166.58,7574900,166.58,162.906,144.2426,,
9/17/2013,165.08,168.42,163.36,166.23,5496900,166.23,163.9725,145.135,,
9/18/2013,167.07,167.45,164.2,166.22,5439700,166.22,164.8045,145.9904,,
9/19/2013,170.8,180.47,169.08,177.92,15594600,177.92,166.3075,147.1034,,
9/20/2013,178.9,185.83,178.56,183.39,13401700,183.39,167.622,148.259,,
9/23/2013,184.48,185.48,177.11,181.11,8173400,181.11,168.5855,149.2832,,
9/24/2013,179.14,184.96,177.65,182.33,6273400,182.33,169.491,150.3846,,
9/25/2013,183.56,186.3,180.5,185.24,8252700,185.24,170.4025,151.9084,,
9/26/2013,186.7,189.68,185.61,188.64,6614400,188.64,171.512,153.2762,,
9/27/2013,187.52,191.28,186.43,190.9,5916400,190.9,172.754,154.7136,,
9/30/2013,189,194.5,188,193.37,8924700,193.37,173.9725,156.1874,,
10/1/2013,193.96,194.23,188.37,193,7755900,193,175.1755,157.5988,,
10/2/2013,188.59,191.83,175.4,180.95,20775400,180.95,175.692,158.763,,
10/3/2013,175.05,179.69,168,173.31,23816500,173.31,175.861,159.7952,,
10/4/2013,176.4,181.18,172.65,180.98,14414000,180.98,176.5615,160.9334,,
10/7/2013,182.46,186.73,180.26,183.07,11485600,183.07,177.68,162.007,,
10/8/2013,184.4,185.93,173.21,174.73,13757200,174.73,178.098,162.8092,,
10/9/2013,174.73,174.99,161.5,168.78,15316500,168.78,178.361,163.55,,
10/10/2013,173.09,175.75,169.69,172.93,8883900,172.93,178.761,164.323,,
10/11/2013,172.75,179.29,171.2,178.7,8311100,178.7,179.419,165.186,,
10/14/2013,175,182.5,174.15,179.72,7769600,179.72,180.076,166.0204,,
10/15/2013,185.28,188.79,183.18,183.94,10978500,183.94,180.9615,166.8056,,
10/16/2013,184.9,187.3,182.09,183.56,8205400,183.56,181.8285,167.6338,,
10/17/2013,183.54,184.8,180.99,182.8,6705000,182.8,182.0725,168.6052,,
10/18/2013,184.15,185.96,182.52,183.4,5930800,183.4,182.073,169.2036,,
10/21/2013,183.28,183.39,171,172.6,11532100,172.6,181.6475,169.5956,,
10/22/2013,170.5,177.78,166.11,171.54,11386700,171.54,181.108,170.0788,,
10/23/2013,168.91,171.81,160.15,164.5,13320400,164.5,180.071,170.4602,,
10/24/2013,165,174.5,162.83,173.15,10825700,173.15,179.2965,171.136,,
10/25/2013,174.21,174.5,166.8,169.66,7595500,169.66,178.2345,171.7358,,
10/28/2013,170.18,170.5,162.2,162.86,7841700,162.86,176.709,172.153,,
10/29/2013,162.76,165.45,153,164.47,14111700,164.47,175.2825,172.5444,,
10/30/2013,164.63,167.68,158.17,159.22,8401800,159.22,174.196,172.7372,,
10/31/2013,155.67,162.44,153.3,159.94,9333800,159.94,173.5275,172.9788,,
11/1/2013,163,165.9,160.41,162.17,7180600,162.17,172.587,173.0802,,
11/4/2013,165,175.39,164.22,175.2,13120400,175.2,172.1935,173.3474,,
11/5/2013,180,181.43,171.36,176.81,22467100,176.81,172.2975,173.5992,,
11/6/2013,154.81,160.73,146.35,151.16,31071700,151.16,171.4165,173.2822,,
11/7/2013,144.19,145.65,137.62,139.77,22284700,139.77,169.7585,172.7486,,
11/8/2013,136.48,140.6,132.32,137.95,22477900,137.95,167.721,172.1864,,
11/11/2013,141,145.42,137.1,144.7,13997600,144.7,165.97,171.7004,,
11/12/2013,144.69,144.7,136.18,137.8,14985200,137.8,163.663,171.0776,,
11/13/2013,140.84,142.37,136.34,138.7,12658300,138.7,161.42,170.4392,,
11/14/2013,138.92,140.4,134.11,137.6,12203700,137.6,159.16,169.7926,,
11/15/2013,136.85,137.95,134.35,135.45,9900200,135.45,156.7625,169.1622,,
11/18/2013,135.27,135.45,119.61,121.58,23138200,121.58,154.2115,168.3798,,
11/19/2013,119.43,129,119.22,126.09,19816200,126.09,151.939,167.5742,,
11/20/2013,126.08,127.45,119.06,121.11,13849600,121.11,149.7695,166.726,,
11/21/2013,122.89,124.79,120.25,122.1,11903800,122.1,147.217,165.8694,,
11/22/2013,121.58,122.75,117.93,121.38,11096700,121.38,144.803,164.9862,,
11/25/2013,124.5,125.84,120.3,120.84,10267300,120.84,142.702,164.0714,,
11/26/2013,119.38,122.72,116.1,120.5,13885500,120.5,140.5035,163.1568,,
11/27/2013,121.31,126.95,119.52,126.94,12367600,126.94,138.8895,162.3712,,
11/29/2013,129.77,130.59,126.98,127.28,9716200,127.28,137.2565,161.3584,,
12/2/2013,126.35,128.55,123.93,124.17,7751200,124.17,135.3565,160.174,,
12/3/2013,132.68,144.94,131.59,144.7,25682400,144.7,133.8315,159.4458,TRADE,
12/4/2013,144.32,144.43,137.13,138.95,13147700,138.95,131.9385,158.5782,,
12/5/2013,140.15,143.35,139.5,140.48,9288400,140.48,131.4045,157.683,,
12/6/2013,141.51,142.49,136.3,137.36,7909600,137.36,131.284,156.6574,,
12/9/2013,137,141.7,134.21,141.6,9061500,141.6,131.4665,155.6714,,
12/10/2013,140.05,145.87,139.86,142.19,10748200,142.19,131.341,154.6478,,
12/11/2013,141.88,143.05,139.49,139.65,7137800,139.65,131.4335,153.5808,,
12/12/2013,139.7,148.24,138.53,147.47,10767800,147.47,131.872,152.9112,,
12/13/2013,148.05,151.8,147.32,147.65,10591900,147.65,132.3745,152.398,,
12/16/2013,148.48,150.43,146.1,147.94,6675300,147.94,132.999,151.7372,,
12/17/2013,147.58,154.63,146.32,152.46,10495000,152.46,134.543,151.125,,
12/18/2013,152.24,154.9,145.95,147.98,11581900,147.98,135.6375,150.59,,
12/19/2013,146.9,147,139.1,140.72,12740000,140.72,136.618,150.0288,,
12/20/2013,141.58,144.35,141.58,143.24,7412600,143.24,137.675,149.435,,
12/23/2013,144.85,146.24,142.6,143.55,5385500,143.55,138.7835,148.732,,
12/24/2013,150,154.97,149.82,151.41,9941500,151.41,140.312,148.1658,,
12/26/2013,155.04,158,154.29,155.5,7129500,155.5,142.062,147.597,,
12/27/2013,155.3,155.5,150.8,151.12,5460200,151.12,143.271,146.9482,,
12/30/2013,151.12,154.81,150.75,152.44,4467500,152.44,144.529,146.341,,
12/31/2013,152.32,153.2,148.66,150.43,4262400,150.43,145.842,145.6816,,
1/2/2014,149.8,152.48,146.55,150.1,6188400,150.1,146.112,145.2316,,
1/3/2014,150,152.19,148.6,149.56,4695000,149.56,146.6425,144.792,,
1/6/2014,150,150.4,145.24,147,5361100,147,146.9685,144.442,,
1/7/2014,147.62,150.4,145.25,149.36,5034100,149.36,147.5685,143.9662,,
1/8/2014,148.85,153.7,148.76,151.28,6163200,151.28,148.0525,143.5986,,
1/9/2014,152.5,153.43,146.85,147.53,5382000,147.53,148.3195,143.292,,
1/10/2014,148.46,148.9,142.25,145.72,7446100,145.72,148.623,142.917,,
1/13/2014,145.78,147,137.82,139.34,6316100,139.34,148.2165,142.5194,,
1/14/2014,140.5,162,136.67,161.27,27607000,161.27,148.8975,142.546,,
1/15/2014,168.45,172.23,162.1,164.13,20465600,164.13,149.707,142.5852,,
1/16/2014,162.5,172.7,162.4,170.97,11959400,170.97,150.6325,142.5006,,
1/17/2014,170.19,173.2,167.95,170.01,9206200,170.01,151.734,142.3646,,
1/21/2014,171.24,177.29,170.81,176.68,9734700,176.68,153.532,142.875,,
1/22/2014,177.81,180.32,174.76,178.56,7022600,178.56,155.298,143.6508,,
1/23/2014,177.23,182.38,173.42,181.5,7867400,181.5,157.1955,144.5218,,
1/24/2014,177.85,180.48,173.53,174.6,7664300,174.6,158.355,145.1198,,
1/27/2014,175.16,177.92,164.71,169.62,8716400,169.62,159.061,145.7562,,
1/28/2014,171.5,178.98,171,178.38,6093400,178.38,160.424,146.5498,,
1/29/2014,175.3,179.09,173.13,175.23,5935500,175.23,161.5635,147.3024,,
1/30/2014,178,184.78,177.01,182.84,8565000,182.84,163.184,148.2502,,
1/31/2014,178.85,186,178.51,181.41,6508800,181.41,164.7495,149.4468,,
2/3/2014,182.89,184.88,175.16,177.11,6764900,177.11,166.127,150.4672,,
2/4/2014,180.7,181.6,176.2,178.73,4686300,178.73,167.7135,151.6196,,
2/5/2014,178.3,180.59,169.36,174.42,7268000,174.42,168.9665,152.666,,
2/6/2014,176.3,180.11,176,178.38,5841600,178.38,170.3215,153.806,,
2/7/2014,181.01,186.63,179.6,186.53,8928500,186.53,172.2715,155.1198,,
2/10/2014,189.34,199.3,189.32,196.56,12970700,196.56,174.8135,156.641,,
2/11/2014,198.97,202.2,192.7,196.62,10709900,196.62,177.6775,158.0346,,
2/12/2014,195.78,198.27,194.32,195.32,5173700,195.32,179.38,159.3954,,
2/13/2014,193.34,202.72,193.25,199.63,8029300,199.63,181.155,160.9046,,
2/14/2014,198.1,201.88,197,198.23,6158000,198.23,182.518,161.9752,,
2/18/2014,205.24,206,201.36,203.7,9332800,203.7,184.2025,163.2702,,
2/19/2014,203.7,203.7,193.41,193.64,16169000,193.64,185.0505,164.3334,,
2/20/2014,215.01,215.21,206.27,209.97,18002300,209.97,186.621,165.7856,TRADE,
2/21/2014,211.64,213.98,209.19,209.6,7818800,209.6,188.026,167.1456,,
2/24/2014,208.76,218.36,208.32,217.65,8278400,217.65,190.1785,168.6548,,
2/25/2014,230,259.2,228.45,248,32681700,248,194.0975,170.8218,,
2/26/2014,258.58,265,247.5,253,24604600,253,197.8285,172.9324,,
2/27/2014,261.25,261.9,248.33,252.54,17945800,252.54,201.694,175.0302,,
2/28/2014,249.65,252.68,242.55,244.81,14589800,244.81,204.7925,176.9676,,
3/3/2014,237.26,251.65,234.99,250.56,13089300,250.56,208.25,178.9296,,
3/4/2014,258.48,260,252.83,254.84,8745600,254.84,212.1365,181.0668,TRADE,
3/5/2014,256.72,256.99,251.8,252.66,5935700,252.66,215.833,183.3056,,
3/6/2014,254.14,257.5,249.45,252.94,7361100,252.94,219.759,185.4996,,
3/7/2014,252.94,254.85,244.41,246.21,7812300,246.21,223.1505,187.5528,,
3/10/2014,242.7,243,236.06,238.84,7728100,238.84,225.766,189.3014,,
3/11/2014,236.5,244.6,232.43,234.41,8810100,234.41,227.6585,190.8796,,
3/12/2014,231.5,247.5,231.11,241.49,9754400,241.49,229.902,192.687,,
3/13/2014,243.79,244.19,234,237.79,6236300,237.79,232.0255,194.394,,
3/14/2014,235.29,236.94,228.32,230.97,8289700,230.97,233.5925,196.0048,,
3/17/2014,234.95,237.93,230.5,233.98,5912600,233.98,235.38,197.6824,,
3/18/2014,236.95,241.5,235.02,240.04,6242300,240.04,237.197,199.492,,
3/19/2014,241.39,241.55,233.51,235.84,5071300,235.84,239.307,201.2688,,
3/20/2014,236.16,239.25,233.36,234.91,3817900,234.91,240.554,202.9798,,
3/21/2014,236.02,236.2,227.5,228.89,8216900,228.89,241.5185,204.532,,
3/24/2014,229.75,229.9,210.27,220.17,11328800,220.17,241.6445,205.9848,,
3/25/2014,224.14,227.05,217.9,220.44,7865400,220.44,240.2665,207.4792,,
3/26/2014,221.95,222.6,211.35,212.96,6907300,212.96,238.2645,208.9516,,
3/27/2014,212.37,213.6,203,207.32,9495700,207.32,236.0035,209.8726,,
3/28/2014,212.8,216.72,210.27,212.37,9684800,212.37,234.3815,210.8374,,
3/31/2014,216.5,216.75,206.39,208.45,8380000,208.45,232.276,211.587,,
4/1/2014,209.02,218.16,208.58,216.97,7371400,216.97,230.3825,212.5262,,
4/2/2014,220,230.89,218.05,230.29,10782300,230.29,229.264,213.5984,,
4/3/2014,230.3,235.73,222,225.4,10923700,225.4,227.887,214.5352,,
4/4/2014,226.01,228.27,211.25,212.23,11345600,212.23,226.188,215.1498,,
4/7/2014,205.81,216.2,203.51,207.52,9855500,207.52,224.622,215.8082,,
4/8/2014,210.05,216.49,206.42,215.46,6889300,215.46,223.6745,216.725,,
4/9/2014,216.76,218.45,210.89,216.93,5157900,216.93,222.4465,217.496,,
4/10/2014,216.82,217.5,203.79,204.19,7211500,204.19,220.7665,218.0752,,
4/11/2014,200.61,207,198.6,203.78,9067200,203.78,219.407,218.494,,
4/14/2014,207.6,208.44,194.41,198.09,7703000,198.09,217.6125,218.8276,,
4/15/2014,199.09,199.29,184.32,193.91,13659300,193.91,215.306,219.1636,,
4/16/2014,197,199.99,190.82,199.11,7202200,199.11,213.4695,219.5712,,
4/17/2014,199.61,202.29,194.08,198.12,5926800,198.12,211.63,220.0452,,
4/21/2014,197.08,206.2,194,204.38,5258200,204.38,210.4045,220.5652,,
4/22/2014,206.36,219.33,205.01,218.64,9804700,218.64,210.328,221.2074,,
4/23/2014,216.33,216.74,207,207.99,7295600,207.99,209.7055,221.436,,
4/24/2014,210.81,212.8,203.2,207.86,5495200,207.86,209.4505,221.6608,,
4/25/2014,202,206.7,197.65,199.85,6996700,199.85,209.077,221.7514,,
4/28/2014,200,203.79,190.5,198.51,7042000,198.51,208.384,221.729,,
4/29/2014,198.21,207.15,195.53,206.92,5779100,206.92,208.3075,221.9028,,
4/30/2014,203.6,208.16,201.28,207.89,4440600,207.89,207.8535,221.9866,,
5/1/2014,207.08,214.02,205.69,207.73,5439900,207.73,206.7255,222.2684,,
5/2/2014,208.6,211.36,206.52,210.91,4086800,210.91,206.001,222.2872,,
5/5/2014,209.48,217.69,208.52,216.61,5147000,216.61,206.22,222.4274,,
5/6/2014,216.6,218.66,206.85,207.28,5636700,207.28,206.208,222.22,,
5/7/2014,209.64,210.2,197.25,201.35,10179300,201.35,205.5025,221.287,,
5/8/2014,182,194.4,178,178.59,20056600,178.59,203.5855,219.7988,,
5/9/2014,179.86,183.4,177.22,182.26,8495200,182.26,202.489,218.3932,,
5/12/2014,183.87,187.19,179.88,184.67,7002300,184.67,201.5335,217.1904,,
5/13/2014,183.76,191.34,183,190.16,7097200,190.16,201.137,215.9824,,
5/14/2014,188.95,193.48,187.1,190.62,5406700,190.62,200.9725,214.698,,
5/15/2014,189.98,192.66,185.3,188.59,6040400,188.59,200.4465,213.4166,,
5/16/2014,188.95,192.04,187.72,191.56,4487700,191.56,200.1185,212.189,,
5/19/2014,190.72,196.89,190,196.09,4571700,196.09,199.704,211.1866,,
5/20/2014,196.94,199.33,193.07,195.3,5546100,195.3,198.537,210.3158,,
5/21/2014,196.18,199.87,194.79,199.45,5285400,199.45,198.11,209.6166,,
5/22/2014,200.35,206.88,199.56,204.88,6214500,204.88,197.961,208.8844,,
5/23/2014,204.53,207.76,202.5,207.3,4006800,207.3,198.3335,208.2746,,
5/27/2014,208.52,213.87,207.7,211.56,5341100,211.56,198.986,207.8864,,
5/28/2014,210.02,212.77,205.26,210.24,5495100,210.24,199.152,207.4116,,
5/29/2014,210.57,212.49,207.72,210.24,3692500,210.24,199.2695,206.8156,,
5/30/2014,210.3,214.8,207.02,207.77,5581100,207.77,199.2715,206.2542,,
6/2/2014,207.33,209.35,201.67,204.7,4655100,204.7,198.961,205.65,,
6/3/2014,203.49,208,202.59,204.94,3860800,204.94,198.3775,205.171,,
6/4/2014,204.35,206.26,200.4,203.99,3427400,203.99,198.213,204.8474,,
6/5/2014,204.47,209.2,204.05,206.9,4054600,206.9,198.4905,204.5766,,
6/6/2014,209.75,210.81,207.18,208.17,3073800,208.17,199.9695,204.4808,,
6/9/2014,207.95,209.99,204.2,205.31,2805700,205.31,201.122,204.4406,,
6/10/2014,204.43,206.97,201.55,202.3,3514700,202.3,202.0035,204.2392,,
6/11/2014,201.5,205,199.25,204.47,3977500,204.47,202.719,204.1596,,
6/12/2014,205.1,209.88,202.71,203.52,5993700,203.52,203.364,203.8906,,
6/13/2014,204.78,206.79,201.58,206.42,3544300,206.42,204.2555,203.4132,,
6/16/2014,206.76,225.49,206.26,224.61,13246400,224.61,205.908,203.3974,,
6/17/2014,224.11,235.54,222.85,231.67,13304900,231.67,207.687,203.7862,,
6/18/2014,231.5,231.71,226.12,227.12,6940200,227.12,209.278,204.1782,,
6/19/2014,228.88,235.31,227,227.79,8793100,227.79,210.695,204.4248,,
6/20/2014,228.52,231.29,226.2,229.59,4903900,229.59,211.9305,204.678,,
6/23/2014,229.51,238.99,228.22,237.22,7791100,237.22,213.4265,205.3386,,
6/24/2014,238.97,241.88,231.63,232.5,8075900,232.5,214.4735,205.913,,
6/25/2014,233.05,237.55,230.24,236.89,5801600,236.89,215.806,206.689,,
6/26/2014,237.17,240.4,234.21,235.6,5121400,235.6,217.074,207.5228,,
6/27/2014,234.69,240,234.5,239.06,5635000,239.06,218.6385,208.3218,,
6/30/2014,239.55,244.49,239,240.06,4828600,240.06,220.4065,209.1606,,
7/1/2014,242.46,243.44,238.7,239.72,4336100,239.72,222.1455,209.8674,,
7/2/2014,240.66,242.33,227.07,229.43,8027400,229.43,223.4175,210.0832,,
7/3/2014,231.29,231.9,224,229.25,5166700,229.25,224.535,210.5084,,
7/7/2014,227.5,229.78,220.4,222.66,5893700,222.66,225.2595,210.8044,,
7/8/2014,218.65,220.96,214.27,219.07,7836200,219.07,225.9475,211.1888,,
7/9/2014,221.27,224.22,219.21,223.06,4115400,223.06,226.9855,211.6798,,
7/10/2014,217.18,222.22,216.04,219.46,4863900,219.46,227.735,211.9306,,
7/11/2014,220.61,221.6,217.6,218.13,3302300,218.13,228.4655,212.1354,,
7/14/2014,219.99,228.79,215.45,226.7,7203200,226.7,229.4795,212.5148,,
7/15/2014,226.73,227.65,218.1,219.58,5718500,219.58,229.228,212.6882,,
7/16/2014,221.82,224.8,216.82,217.16,4044500,217.16,228.5025,212.6992,,
7/17/2014,216.16,220.55,213.6,215.4,4649400,215.4,227.9165,212.8616,,
7/18/2014,215.95,221.21,215.93,220.02,4253700,220.02,227.528,213.235,,
7/21/2014,217.25,223.21,216.72,220.54,3822200,220.54,227.0755,214.074,,
7/22/2014,222.19,223.3,219.11,219.58,2730000,219.58,226.1935,214.8204,,
7/23/2014,220.01,224.75,219.43,222.49,3083300,222.49,225.693,215.5768,,
7/24/2014,223.25,225.1,220.8,223.54,3245500,223.54,225.0255,216.2444,,
7/25/2014,222.72,226.97,221.75,223.57,3087100,223.57,224.424,216.9034,,
7/28/2014,224.25,232,221.4,224.82,6514300,224.82,223.712,217.628,,
7/29/2014,226.61,228.3,224.86,225.01,3382400,225.01,222.9595,218.297,,
7/30/2014,221.92,229.6,221.04,228.92,4927800,228.92,222.4195,218.9536,,
7/31/2014,229.26,231.4,221.5,223.3,7749100,223.3,222.113,219.5136,,
8/1/2014,226.09,237.5,226,233.27,11895800,233.27,222.314,220.19,,
8/4/2014,234.38,240.5,233.27,238.52,5959700,238.52,223.107,220.8628,,
8/5/2014,237.47,242.99,235.69,238.49,5388600,238.49,224.078,221.4866,,
8/6/2014,238.9,251.42,238.58,248.93,9249300,248.93,225.3715,222.234,,
8/7/2014,250.12,256.69,249.12,252.39,7478900,252.39,227.018,223.077,,
8/8/2014,251.16,251.76,246.5,248.13,5090100,248.13,228.518,223.8348,,
8/11/2014,255.48,263.74,255,259.32,8101300,259.32,230.149,224.8658,TRADE,
8/12/2014,258.08,260.3,254.58,259.96,6382300,259.96,232.168,225.971,,
8/13/2014,262.01,265.64,259.61,260.31,6932600,260.31,234.3255,227.0784,,
8/14/2014,262.49,263,256.5,261.38,4126600,261.38,236.6245,228.2262,,
8/15/2014,261.48,262.09,258.5,262.01,3867900,262.01,238.724,229.3284,,
8/18/2014,263.25,267.26,259.75,259.94,5849200,259.94,240.694,230.3638,,
8/19/2014,258.87,259.33,251.62,256.76,5334800,256.76,242.553,231.3928,,
8/20/2014,254.67,258.74,253,255.71,3027900,255.71,244.214,232.461,,
8/21/2014,256.52,258.8,253.26,254.34,2915600,254.34,245.754,233.4584,,
8/22/2014,254.54,256.95,252.61,256.78,2833400,256.78,247.4145,234.5236,,
8/25/2014,258.19,263.68,258.19,262.55,4318100,262.55,249.301,235.6462,TRADE,
8/26/2014,264.98,265.5,261.66,261.74,3818000,261.74,251.1375,236.3888,,
8/27/2014,263.5,264.24,260.29,263.25,2985100,263.25,252.854,237.0204,,
8/28/2014,261.89,264.48,261.64,263.86,2844900,263.86,254.882,237.7552,,
8/29/2014,268.7,272,267.51,269.7,6447100,269.7,256.7035,238.5934,,
9/2/2014,275.5,284.89,274.3,284.12,9852400,284.12,258.9835,239.684,,
9/3/2014,287.67,288,280.1,281.19,6772300,281.19,261.1185,240.5634,,
9/4/2014,284.01,291.42,280.4,286.04,8341700,286.04,262.974,241.6342,,
9/5/2014,282.55,282.9,272.51,277.39,11169900,277.39,264.224,242.4442,,
9/8/2014,277.62,284.88,277.52,282.11,5501600,282.11,265.923,243.3744,,
9/9/2014,282.99,285.49,277,278.48,4558800,278.48,266.881,244.1628,,
9/10/2014,279.5,281.41,273.66,281.1,3781300,281.1,267.938,244.9836,,
9/11/2014,280.46,284.79,278.63,280.31,3766100,280.31,268.938,245.7954,,
9/12/2014,280.5,282.39,277,279.2,3324600,279.2,269.829,246.7908,,
9/15/2014,274.37,274.4,249.13,253.86,16455400,253.86,269.4215,247.283,,
9/16/2014,255.15,262.46,252.42,260.74,8300100,260.74,269.4615,248.0446,,
9/17/2014,262.41,264.7,259.5,261.38,5177700,261.38,269.6925,248.8908,,
9/18/2014,263.36,265.6,262.32,263.82,3692600,263.82,270.098,249.706,,
9/19/2014,257.99,261.43,255.27,259.32,6810900,259.32,270.347,250.5032,,
9/22/2014,255,256.02,244.71,250.03,8214100,250.03,270.0095,251.1412,,
9/23/2014,245.22,253.8,245,250.41,5658700,250.41,269.4025,251.6154,,
9/24/2014,251.12,252.84,247.04,252.14,3749500,252.14,268.9225,252.2666,,
9/25/2014,252.52,254.96,246.1,246.95,4834200,246.95,268.1075,252.8624,,
9/26/2014,248.25,249.73,246.07,246.6,3795400,246.6,267.2445,253.4864,,
9/29/2014,244,248.64,241.38,245.26,4852700,245.26,266.0225,253.9912,,
9/30/2014,246.92,247.65,240.12,242.68,4238300,242.68,263.9505,254.434,,
10/1/2014,242.2,242.66,235.65,240.24,5941700,240.24,261.903,254.8472,,
10/2/2014,250.2,252.79,245.36,251.42,8998200,251.42,260.172,255.4258,TRADE,
10/3/2014,253.06,256.5,251.03,255.21,5406300,255.21,259.063,256.0592,,
10/6/2014,259.13,262.49,257.8,260.62,7713300,260.62,257.9885,256.8002,,
10/7/2014,258.53,261.46,255.73,259.57,4485500,259.57,257.043,257.4952,,
10/8/2014,260.1,262.88,252.64,259.28,5055100,259.28,255.952,258.1806,,
10/9/2014,262.25,265.54,254.4,257.01,7361300,257.01,254.787,258.7424,,
10/10/2014,244.64,245.89,235.2,236.91,12888300,236.91,252.6725,259.0146,,
10/13/2014,238.57,238.96,221,224.59,11268700,224.59,251.209,258.841,,
10/14/2014,228.25,232.47,223,227.06,7105300,227.06,249.525,258.6118,,
10/15/2014,220,230.99,217.32,229.7,9147300,229.7,247.941,258.436,,
10/16/2014,219.72,229.92,219.1,226.35,5399300,226.35,246.0675,257.9844,,
10/17/2014,233.38,234.77,226.55,227.48,10549400,227.48,244.4755,257.4862,,
10/20/2014,226.72,232.4,225.51,230.47,3494400,230.47,243.4975,257.133,,
10/21/2014,234.27,235.39,230.8,235.34,4130300,235.34,242.744,256.6534,,
10/22/2014,233.19,237.39,230.56,231.1,4116600,231.1,241.692,256.0762,,
10/23/2014,234.66,236.28,232,235.29,3492400,235.29,241.109,255.5758,,
10/24/2014,236.27,237.8,231.2,235.24,3463300,235.24,240.541,255.053,,
10/27/2014,234.25,234.61,220.31,221.67,9553300,221.67,239.3615,254.2462,,
10/28/2014,229.6,244.6,228.25,242.77,10484800,242.77,239.366,253.9028,,
10/29/2014,241.13,241.5,235.64,238.1,4962500,238.1,239.259,253.5296,,
10/30/2014,238.14,240.5,235.06,238.66,3226700,238.66,238.621,253.1886,,
10/31/2014,242.51,243.12,238.75,241.7,3775300,241.7,237.9455,252.9358,,
11/3/2014,243,247.56,241.32,242.59,4203800,242.59,237.044,252.652,,
11/4/2014,240.49,242.35,236.53,238.93,3682600,238.93,236.012,252.1796,,
11/5/2014,241,241.36,230.53,230.97,9045900,230.97,234.5965,251.5642,,
11/6/2014,234.49,246.69,228.5,241.22,15354700,241.22,233.807,251.1236,,
11/7/2014,242.19,242.84,237.2,240.2,5161000,240.2,233.9715,250.6504,,
11/10/2014,239.11,242.88,236.8,241.93,4577200,241.93,234.8385,250.095,,
11/11/2014,242.55,251.82,242,251.08,7948800,251.08,236.0395,249.4342,,
11/12/2014,249.72,252.34,245.58,249.1,5867400,249.1,237.0095,248.7924,,
11/13/2014,250.62,255.75,250.25,251.7,6233800,251.7,238.277,248.1056,,
11/14/2014,250,258.85,248.5,258.68,6098000,258.68,239.837,247.7314,,
11/17/2014,257.49,259,252.02,253.98,4024200,253.98,241.0125,247.1688,,
11/18/2014,255.86,259.99,255.51,257.7,4473000,257.7,242.1305,246.7532,,
11/19/2014,250.61,251.88,245.6,247.74,7914500,247.74,242.9625,246.086,,
11/20/2014,247.95,250.93,246,248.71,3584000,248.71,243.6335,245.454,,
11/21/2014,252.21,252.78,242.17,242.78,7481800,242.78,244.0105,244.7256,,
11/24/2014,245.2,247.6,240.64,246.72,4786500,246.72,245.263,244.5828,,
11/25/2014,247.35,249.72,246.09,248.09,3155900,248.09,245.529,244.3298,,
11/26/2014,248.34,249,246.6,248.44,1981200,248.44,246.046,244.071,,
11/28/2014,245.35,246.69,242.52,244.52,2119700,244.52,246.339,243.685,,
12/1/2014,241.16,242.47,229.01,231.64,8619400,231.64,245.836,243.1314,,
12/2/2014,234.57,234.88,228,231.43,5867700,231.43,245.278,242.7594,,
12/3/2014,226.25,229.72,225.5,229.3,5307700,229.3,244.7965,242.3372,,
12/4/2014,228.6,230.9,227.81,228.28,3855600,228.28,244.662,241.86,,
12/5/2014,228.67,229.39,222.26,223.71,6063600,223.71,243.7865,241.3952,,
12/8/2014,221.54,224.86,212.34,214.36,9225600,214.36,242.4945,240.7504,,
12/9/2014,209.34,217.73,204.27,216.89,9431500,216.89,241.2425,240.183,,
12/10/2014,214.13,216.77,207.7,209.84,7314100,209.84,239.1805,239.5262,,
12/11/2014,210.53,215.43,208.23,208.88,6694400,208.88,237.1695,238.899,,
12/12/2014,204.82,211.68,204.5,207,7173800,207,234.9345,238.0106,,
12/15/2014,209.29,209.8,202.67,204.04,5218300,204.04,232.2025,236.9872,,
12/16/2014,200.89,203.68,195.37,197.81,8426100,197.81,229.394,235.731,,
12/17/2014,193.06,206.65,192.65,205.82,7367800,205.82,226.8,234.656,,
12/18/2014,212.38,218.44,211.8,218.26,7483300,218.26,225.326,233.8356,,
12/19/2014,220.19,220.4,214.5,219.29,6910500,219.29,223.855,233.0812,,
12/22/2014,220,224.06,218.26,222.6,4799400,222.6,222.846,232.795,,
12/23/2014,223.81,224.32,219.52,220.97,4505700,220.97,221.5585,232.7226,,
12/24/2014,219.77,222.5,219.25,222.26,1332200,222.26,220.267,232.6266,,
12/26/2014,221.51,228.5,221.5,227.82,3327000,227.82,219.236,232.589,,
12/29/2014,226.9,227.91,224.02,225.71,2802500,225.71,218.2955,232.5762,,
12/30/2014,223.99,225.65,221.4,222.23,2903200,222.23,217.825,232.4712,,
12/31/2014,223.09,225.68,222.25,222.41,2402100,222.41,217.374,232.31,,
1/2/2015,222.87,223.25,213.26,219.31,4764400,219.31,216.8745,231.9894,,
1/5/2015,214.55,216.5,207.16,210.09,5368500,210.09,215.965,231.5692,,
1/6/2015,210.06,214.2,204.21,211.28,6261900,211.28,215.3435,231.089,,
1/7/2015,213.35,214.78,209.78,210.95,2968400,210.95,215.173,230.6032,,
1/8/2015,212.81,213.8,210.01,210.62,3442500,210.62,214.8595,230.3822,,
1/9/2015,208.92,209.98,204.96,206.66,4668300,206.66,214.7005,229.66,,
1/12/2015,203.05,204.47,199.25,202.21,5944200,202.21,214.367,228.9422,,
1/13/2015,203.32,207.61,200.91,204.25,4477300,204.25,214.2295,228.254,,
1/14/2015,185.83,195.2,185,192.69,11551900,192.69,213.662,227.2738,,
1/15/2015,194.49,195.75,190,191.87,5216500,191.87,213.365,226.2594,,
1/16/2015,190.7,194.49,189.65,193.07,3603200,193.07,212.7275,225.3422,,
1/20/2015,193.87,194.12,187.04,191.93,4503200,191.93,211.411,224.5614,,
1/21/2015,189.55,198.68,189.51,196.57,4153000,196.57,210.275,223.6684,,
1/22/2015,197,203.24,195.2,201.62,4116900,201.62,209.226,222.8968,,
1/23/2015,200.29,203.5,198.33,201.29,3438600,201.29,208.242,222.084,,
1/26/2015,201.83,208.62,201.05,206.55,3234500,206.55,207.4565,221.1934,,
1/27/2015,204.42,208.03,203.3,205.98,2781000,205.98,206.3645,220.331,,
1/28/2015,206.11,206.37,198.42,199.37,3149600,199.37,205.0475,219.2844,,
1/29/2015,201.07,205.98,196.5,205.2,3548100,205.2,204.196,218.2148,,
1/30/2015,203.96,207.47,203,203.6,3007000,203.6,203.2555,217.2072,,
2/2/2015,203.97,211.95,203.3,210.94,4149200,210.94,202.837,216.272,,
2/3/2015,213.22,220.37,211.27,218.36,4826200,218.36,203.2505,215.6844,,
2/4/2015,218.29,221.48,216.8,218.55,3305400,218.55,203.614,215.0812,,
2/5/2015,219.88,225.48,219.64,220.99,3522900,220.99,204.116,214.6454,,
2/6/2015,222,223.4,216.5,217.36,3233200,217.36,204.453,214.0582,,
2/9/2015,215.38,217.93,211.99,217.48,3472400,217.48,204.994,213.446,,
2/10/2015,217.55,220.5,215,216.29,5390500,216.29,205.698,212.803,,
2/11/2015,212.21,214.74,207.28,212.8,9769100,212.8,206.1255,212.1686,,
2/12/2015,193.57,203.09,193.28,202.88,15649600,202.88,206.635,211.5934,,
2/13/2015,202.9,205.99,200.91,203.77,6191000,203.77,207.23,211.0402,,
2/17/2015,205.7,205.7,201.5,204.35,3979600,204.35,207.794,210.5412,,
2/18/2015,204.17,206.17,202.6,204.46,2713600,204.46,208.4205,210.0648,,
2/19/2015,205,212.44,203.75,211.71,5154100,211.71,209.1775,209.8248,,
2/20/2015,210.78,217.6,209.81,217.11,5982100,217.11,209.952,209.8798,,
2/23/2015,215.66,218.2,206.33,207.34,8499800,207.34,210.2545,209.6888,,
2/24/2015,207.29,207.29,201.7,204.11,6603600,204.11,210.1325,209.5742,,
2/25/2015,204.94,207.14,202.58,203.76,3909500,203.76,210.0215,209.4718,,
2/26/2015,204,211.09,202.22,207.19,6472900,207.19,210.4125,209.4756,,
2/27/2015,206.9,208.55,202.8,203.34,3869000,203.34,210.3195,209.4616,,
3/2/2015,202.7,203.34,195.83,197.33,7899400,197.33,210.006,209.452,,
3/3/2015,196.81,200.24,195.32,199.56,4426800,199.56,209.437,209.3268,,
3/4/2015,199.25,202.52,197.21,202.44,4212000,202.44,208.641,209.0104,,
3/5/2015,202.85,206.19,200.15,200.63,4869600,200.63,207.745,208.6372,,
3/6/2015,199.21,200.75,192.15,193.88,6680600,193.88,206.3895,208.0628,,
3/9/2015,194.39,194.49,188.25,190.88,6717300,190.88,205.0655,207.461,,
3/10/2015,188.46,193.5,187.6,190.32,5530900,190.32,203.7075,206.8222,,
3/11/2015,191.15,196.18,191.01,193.74,4950300,193.74,202.58,206.1406,,
3/12/2015,193.75,194.45,189.75,191.07,4123500,191.07,201.4935,205.4478,,
3/13/2015,188.95,191.75,187.32,188.68,5378600,188.68,200.7835,204.7768,,
